i,d,l,e,,,,,,,,,,,,,,,
0,4.86,8.91,-1.23,11.03,13.89,-6.69,9.49,-0.86,0.22,4.56,-1.85,0,5.16,0,0,0,idle,
1,4.92,9.18,-1.07,11.69,15.67,-6.17,9.56,-0.7,0.2,3.73,-1.29,0,5.17,0,0,0,idle,
2,4.72,9.24,-1.03,9.5,16.29,-4.7,9.6,-0.69,0.4,5,-1.86,0,5.16,0,0,0,idle,
3,4.68,9.07,-1.13,4.79,12.53,-1.88,9.56,-0.81,0.23,5.17,-1.61,0,5.15,0,0,0,idle,
4,4.59,8.92,-1.07,2.35,7.57,1.06,9.47,-0.97,0.29,4.54,-0.95,0,5.16,0,0,0,idle,
5,4.61,8.93,-0.96,3.26,4.18,3.29,9.52,-0.86,0.2,3.84,-0.94,0,5.15,0,0,0,idle,
6,4.63,8.97,-1.02,5.12,5.22,3.34,9.52,-0.82,0.13,2.9,-0.49,0,5.16,0,0,0,idle,
7,4.7,8.97,-0.99,5.83,6.43,2.4,9.57,-0.8,0.15,2.45,-0.18,0,5.17,0,0,0,idle,
8,4.57,8.92,-0.95,3.2,5.58,1.08,9.61,-0.75,0.17,2.4,-1.06,0,5.15,0,0,0,idle,
9,4.52,8.93,-1.03,-0.12,3.2,1.09,9.62,-0.75,0.11,2.61,-1.12,0,5.16,0,0,0,idle,
10,4.5,8.84,-1,-0.29,1.69,1.48,9.57,-0.75,0.23,2.09,-0.39,0,5.16,0,0,0,idle,
11,4.51,8.98,-1,0.73,1.41,0.89,9.56,-0.75,0.2,1.89,0.24,0,5.16,0,0,0,idle,
12,4.45,8.9,-1.03,0.6,2.08,-0.62,9.54,-0.79,0.21,1.21,1.17,0,5.16,0,0,0,idle,
13,4.37,9.01,-1.11,-0.42,1.59,-1.13,9.62,-0.83,0.18,0.93,1.69,0,5.16,0,0,0,idle,
14,4.36,8.9,-1.13,-2.23,-0.71,-0.25,9.57,-0.92,0.28,-0.26,1.87,0,5.16,0,0,0,idle,
15,4.39,8.88,-1.08,-4.03,-3.79,0.91,9.58,-0.87,0.3,-0.37,-0.08,0,5.16,0,0,0,idle,
16,4.51,8.84,-1.09,-3.47,-4.35,1.83,9.54,-0.86,0.38,-1.42,0.37,0,5.16,0,0,0,idle,
17,4.45,8.89,-1.11,-4.67,-2.71,1.05,9.55,-0.79,0.22,-1.95,0.07,0,5.15,0,0,0,idle,
18,4.41,8.89,-1.12,-7.47,-0.34,0.3,9.66,-0.72,0.22,-3.24,0.51,0,5.15,0,0,0,idle,
19,4.21,8.89,-1.27,-9.63,-0.56,0.05,9.68,-0.73,0.19,-3.55,0.86,0,5.1,0,0,0,idle,
20,4.2,8.8,-1.33,-10.35,-2.26,0.4,9.66,-0.72,0.29,-4.12,0.66,0,5.16,0,0,0,idle,
21,4.24,8.86,-1.36,-9.69,-5.5,1.01,9.66,-0.69,0.21,-4.01,0.11,0,5.16,0,0,0,idle,
22,4.35,8.81,-1.43,-8.73,-6.59,-0.32,9.6,-0.68,0.21,-3.43,-0.42,0,5.16,0,0,0,idle,
23,4.39,8.77,-1.43,-8.73,-5.57,-1.69,9.61,-0.72,0.24,-4.16,1.15,0,5.16,0,0,0,idle,
24,4.47,8.77,-1.36,-7.91,-1.34,-4.25,9.64,-0.67,0.34,-3.71,1.06,0,5.09,0,0,0,idle,
25,4.5,8.76,-1.33,-6.59,2.95,-5.51,9.64,-0.62,0.32,-3.39,1.01,0,5.16,0,0,0,idle,
26,4.48,8.82,-1.27,-5.73,5.99,-7.52,9.64,-0.63,0.32,-2.69,0.65,0,5.16,0,0,0,idle,
27,4.44,8.8,-1.29,-5.86,6.06,-8.42,9.65,-0.71,0.2,-2.26,0.17,0,5.15,0,0,0,idle,
28,4.4,8.75,-1.2,-6.15,4.82,-9.56,9.63,-0.7,0.26,-2.25,0.31,0,5.16,0,0,0,idle,
29,4.39,8.94,-1.11,-1.38,1.48,-5.02,9.72,-0.35,0.2,-1.07,0.35,0,5.16,0,0,0,idle,
0,4.47,8.87,-1.13,-1.17,0.95,-4.31,9.59,-0.52,0.02,-1.3,-1.6,0,5.14,0,0,0,idle,
1,4.3,8.85,-1.02,0.11,-0.21,-2.96,9.77,-0.63,-0.01,-2.05,-0.74,0,5.16,0,0,0,idle,
2,4.35,8.84,-1.08,-0.19,-0.63,-3.37,9.66,-0.49,0.1,0.73,-3.93,0,5.15,0,0,0,idle,
3,4.47,8.87,-1.08,-0.27,0.46,-3.73,9.52,-0.58,0.04,-1.53,-1.51,0,5.16,0,0,0,idle,
4,4.42,8.86,-1.1,-0.21,0.95,-3.52,9.54,-0.55,-0.09,-1.46,-1.7,0,5.16,0,0,0,idle,
5,4.42,8.91,-1.19,-1.11,-0.28,-2.81,9.62,-0.54,0.03,-1.69,-1.53,0,5.16,0,0,0,idle,
6,4.5,8.91,-1.1,0.32,-0.62,-1.47,9.56,-0.52,-0.05,-1.95,-0.59,0,5.16,0,0,0,idle,
7,4.44,8.98,-1.01,1.08,1.47,-1.75,9.62,-0.6,-0.08,-1.91,-0.35,0,5.16,0,0,0,idle,
8,4.33,9.03,-1.04,-2,-1.88,-0.08,9.69,-0.56,-0.11,-1.44,-0.23,0,5.16,0,0,0,idle,
9,4.39,9.02,-1,-0.92,-0.79,-0.47,9.75,-0.63,-0.1,-2.22,0.37,0,5.15,0,0,0,idle,
10,4.37,8.96,-1.05,-0.24,1.4,-2.74,9.58,-0.46,-0.05,-0.5,-0.18,0,5.15,0,0,0,idle,
11,4.35,8.94,-1.01,-0.33,1.6,-2.76,9.64,-0.46,0.04,2.25,-2.35,0,5.16,0,0,0,idle,
12,4.37,8.97,-0.96,-2.75,2.27,-1.52,9.71,-0.59,-0.2,-0.82,1.59,0,5.15,0,0,0,idle,
13,4.35,9,-1.06,-2.92,1.88,-1.67,9.65,-0.5,-0.09,-1.4,0.77,0,5.15,0,0,0,idle,
14,4.36,8.97,-1.14,-3.2,0.11,-1.08,9.67,-0.58,-0.14,-1.27,0.72,0,5.15,0,0,0,idle,
15,4.32,8.97,-1.11,-3.79,0.03,-0.53,9.65,-0.51,-0.1,-1.87,1.1,0,5.15,0,0,0,idle,
16,4.34,8.92,-1.18,-3.36,0.83,-1.76,9.65,-0.63,0.02,-1.52,0.85,0,5.16,0,0,0,idle,
17,4.2,8.96,-1.06,-2.9,0.89,-1.79,9.59,-0.59,-0.11,-1.61,0.97,0,5.15,0,0,0,idle,
18,4.47,8.93,-1.09,-3.24,0.5,-2.18,9.64,-0.66,-0.17,-2.04,0.95,0,5.15,0,0,0,idle,
19,4.35,8.93,-1.15,-3.27,1.59,-2.23,9.69,-0.66,-0.1,-2.43,1.03,0,5.13,0,0,0,idle,
20,4.28,8.9,-1.12,-3.97,-1.32,-1.04,9.54,-0.6,-0.07,-2.82,0.55,0,5.15,0,0,0,idle,
21,4.26,8.89,-1.11,-4.39,-1.56,-0.95,9.69,-0.51,-0.14,-3.26,0.8,0,5.15,0,0,0,idle,
22,4.33,8.86,-1.08,-4.12,-0.52,-1.76,9.66,-0.54,-0.06,-3.72,1,0,5.09,0,0,0,idle,
23,4.28,8.94,-1.08,-3.18,1.03,-1.9,9.62,-0.52,0.02,-3.69,0.92,0,5.15,0,0,0,idle,
24,4.46,8.9,-1.12,-1.6,-0.34,-3.63,9.64,-0.57,-0.08,0.84,-2.44,0,5.16,0,0,0,idle,
25,4.33,8.98,-1.14,-1.25,1.68,-4.28,9.68,-0.51,-0.02,-2.03,0.65,0,5.14,0,0,0,idle,
26,4.42,8.85,-1.03,-0.96,-1.11,-2.83,9.56,-0.6,-0.07,-1.7,0.64,0,5.15,0,0,0,idle,
27,4.46,8.91,-0.97,-1.53,-0.82,-2.27,9.64,-0.6,-0.17,-1.86,0.82,0,5.16,0,0,0,idle,
28,4.46,8.97,-1.02,-1.78,-0.09,-1.73,9.61,-0.57,-0.17,-1.73,1.41,0,5.1,0,0,0,idle,
29,4.5,9.08,-1.03,-3.01,-0.72,-1.4,9.66,-0.52,-0.13,-1.98,1.48,0,5.15,0,0,0,idle,
0,4.31,8.9,-1.21,-3.89,-3.2,3.23,9.56,-0.49,0.1,0.4,0.57,0,5.16,0,0,0,idle,
1,4.24,8.84,-1.1,-2.62,-4.45,2.5,9.65,-0.62,-0.06,-0.32,1.58,0,5.16,0,0,0,idle,
2,4.37,8.9,-1.01,0.61,1.31,-4.31,9.68,-0.43,-0.05,2.31,0.31,0,5.16,0,0,0,idle,
3,4.43,9.03,-1.03,2.17,7.06,-6.96,9.57,-0.62,0.07,0.89,1.63,0,5.15,0,0,0,idle,
4,4.54,8.84,-1.06,-1.74,1.69,-3.15,9.57,-0.48,-0.01,2.79,0.97,0,5.15,0,0,0,idle,
5,4.6,9.12,-1.14,-1.41,-0.64,-0.4,9.54,-0.57,0.04,5.05,-0.08,0,5.1,0,0,0,idle,
6,4.65,8.9,-0.97,-1.05,8.24,-4.4,9.64,-0.56,0.07,3.52,0.08,0,5.16,0,0,0,idle,
7,4.49,8.9,-1.04,-2.04,5.79,-0.4,9.59,-0.66,-0.13,3.28,0.76,0,5.15,0,0,0,idle,
8,4.53,8.85,-0.96,-0.68,6.37,-2.43,9.69,-0.66,0.05,2.53,0.87,0,5.15,0,0,0,idle,
9,4.42,8.78,-1.11,-0.98,9.13,-1.47,9.65,-0.66,0.03,2.11,0.82,0,5.16,0,0,0,idle,
10,4.39,8.92,-1.21,-3.99,2.21,2.85,9.55,-0.48,0.15,1.78,0.9,0,5.15,0,0,0,idle,
11,4.35,8.95,-1.14,-3.38,1.17,1.89,9.58,-0.58,0.13,1.97,0.56,0,5.16,0,0,0,idle,
12,4.31,8.94,-1.18,-2,3.4,-0.4,9.67,-0.63,0.03,2.05,0.02,0,5.15,0,0,0,idle,
13,4.31,8.71,-1.17,-0.89,6.18,-1.4,9.66,-0.54,0.02,0.66,1.37,0,5.12,0,0,0,idle,
14,4.22,8.87,-1.15,-1.02,5.56,0.43,9.64,-0.51,0.05,1.05,0.18,0,5.15,0,0,0,idle,
15,4.29,8.84,-1.21,-2.06,1.98,-1.58,9.52,-0.6,0,-0.27,-0.38,0,5.16,0,0,0,idle,
16,4.18,8.92,-1.31,-0.98,1.63,0.31,9.59,-0.59,-0.06,-0.18,-0.42,0,5.16,0,0,0,idle,
17,4.22,9.03,-1.16,-0.44,-0.8,0.59,9.6,-0.63,0.07,-0.43,0.02,0,5.12,0,0,0,idle,
18,4.22,9.08,-1.08,0.33,-0.63,-1.77,9.7,-0.64,0.07,-0.21,-0.23,0,5.14,0,0,0,idle,
19,4.3,8.97,-1,-0.69,0.63,-3.79,9.58,-0.66,-0.04,-0.18,-0.46,0,5.15,0,0,0,idle,
20,4.35,8.94,-0.97,-0.24,1.55,-5.53,9.58,-0.63,0.03,-0.4,-0.36,0,5.11,0,0,0,idle,
21,4.32,8.96,-1.02,-3.18,1.08,-4.4,9.63,-0.59,-0.04,-0.68,0.18,0,5.15,0,0,0,idle,
22,4.36,8.94,-1.07,-4.72,-1.29,-4.34,9.55,-0.6,-0.05,-0.58,0.36,0,5.15,0,0,0,idle,
23,4.47,8.83,-1.09,-3.47,-0.04,-5.44,9.69,-0.55,0.03,-1.38,0.13,0,5.16,0,0,0,idle,
24,4.56,8.82,-1.08,-2.59,1.81,-5.02,9.65,-0.57,0.02,-1.31,0.18,0,5.15,0,0,0,idle,
25,4.49,8.84,-1.12,-4.59,-1.24,-2.81,9.57,-0.46,0,-1.88,1.02,0,5.16,0,0,0,idle,
26,4.51,8.83,-1.18,-3.44,0.68,-3.51,9.68,-0.64,-0.02,-1.88,0.85,0,5.14,0,0,0,idle,
27,4.49,8.88,-1.14,-3.63,1.89,-1.64,9.66,-0.52,-0.04,-2.15,1.08,0,5.15,0,0,0,idle,
28,4.45,8.91,-1.14,-4.17,-0.28,-0.5,9.61,-0.47,-0.04,-1.75,0.6,0,5.15,0,0,0,idle,
29,4.49,9,-1.14,-2.15,2.46,-0.49,9.62,-0.49,-0.06,-2.5,1.69,0,5.16,0,0,0,idle,
0,4.45,8.95,-1.09,-2.36,1.83,0.21,9.68,-0.52,0.01,-1.67,1.09,0,5.13,0,0,0,idle,
1,4.35,8.9,-0.96,-2.15,0.07,1.79,9.61,-0.49,0.04,-1.61,0.95,0,5.15,0,0,0,idle,
2,4.32,8.91,-0.94,-2.69,0.64,0.89,9.64,-0.51,-0.05,-1.52,1.07,0,5.16,0,0,0,idle,
3,4.27,8.86,-1.05,-2.77,1.02,-0.34,9.7,-0.51,-0.06,-1.66,1.11,0,5.12,0,0,0,idle,
4,4.29,8.89,-1.01,-2.15,1.13,-1.5,9.68,-0.43,-0.02,-1.34,0.92,0,5.15,0,0,0,idle,
5,4.42,8.98,-1.09,-2.86,0.05,-1.43,9.65,-0.5,-0.06,-0.25,0.21,0,5.15,0,0,0,idle,
6,4.44,8.96,-1.12,-2.82,0.35,-1.47,9.64,-0.52,-0.02,-0.07,0.56,0,5.15,0,0,0,idle,
7,4.3,9,-0.97,-0.44,2.18,-2.13,9.58,-0.56,0.05,0.49,0.16,0,5.15,0,0,0,idle,
8,4.39,9.01,-1.04,-0.93,1.82,-2.21,9.57,-0.56,0.07,0.38,0.22,0,5.15,0,0,0,idle,
9,4.36,8.86,-1.05,-2.09,2.95,-1.98,9.67,-0.57,0,0.2,0.5,0,5.15,0,0,0,idle,
10,4.31,8.83,-1.06,-2.02,1.66,-1.63,9.64,-0.49,0.05,-0.05,0.15,0,5.15,0,0,0,idle,
11,4.34,8.82,-0.97,-1.59,0.79,-1.17,9.63,-0.53,0.03,-0.04,-0.21,0,5.1,0,0,0,idle,
12,4.44,8.97,-1.04,-2.13,1.09,-0.98,9.58,-0.57,-0.03,0.08,0.03,0,5.16,0,0,0,idle,
13,4.43,8.97,-1.08,-2.65,2.72,-1.63,9.56,-0.59,-0.11,-0.05,0.15,0,5.15,0,0,0,idle,
14,4.44,8.94,-1.07,-2.62,1.94,-1.47,9.65,-0.57,0.01,-0.55,0.36,0,5.13,0,0,0,idle,
15,4.46,8.95,-1.12,-2.23,1.38,-0.66,9.65,-0.56,-0.03,-0.85,0.87,0,5.15,0,0,0,idle,
16,4.3,8.84,-1.06,-2.69,2.94,-1.87,9.69,-0.56,0.05,-0.99,0.16,0,5.16,0,0,0,idle,
17,4.32,8.95,-1.15,-2.89,1.82,-1.31,9.69,-0.57,0.02,-1.69,0.73,0,5.15,0,0,0,idle,
18,4.28,8.9,-1.18,-2.92,0.02,-1.52,9.63,-0.51,-0.07,-1.42,0.79,0,5.11,0,0,0,idle,
19,4.35,8.95,-1.14,-1.98,-0.23,-2.13,9.64,-0.48,-0.08,-0.53,-0.05,0,5.15,0,0,0,idle,
20,4.31,8.9,-1.08,-2.18,1.41,-3.14,9.6,-0.49,-0.11,0.16,0.02,0,5.15,0,0,0,idle,
21,4.34,8.97,-1.06,-3.25,-0.36,-3.28,9.66,-0.46,0.01,-0.18,-0.15,0,5.13,0,0,0,idle,
22,4.47,8.92,-1.06,-1.09,0.51,-3.55,9.66,-0.5,0,-0.71,0.38,0,5.16,0,0,0,idle,
23,4.38,8.96,-1.05,-0.31,2,-3.38,9.62,-0.52,0.01,0.03,-0.04,0,5.15,0,0,0,idle,
24,4.44,8.9,-1.03,-2.85,0.98,-2.79,9.56,-0.5,-0.09,-0.5,0.71,0,5.15,0,0,0,idle,
25,4.43,8.88,-1.06,-2.72,1.04,-2.17,9.66,-0.51,-0.04,-1.07,1.09,0,5.13,0,0,0,idle,
26,4.46,8.95,-1.06,-2.99,0.63,-2.34,9.64,-0.51,0.02,-1.08,0.85,0,5.16,0,0,0,idle,
27,4.51,8.97,-0.99,-3.16,1.66,-1.92,9.59,-0.56,0.03,-0.99,1.14,0,5.13,0,0,0,idle,
28,4.41,8.93,-1.11,-3.18,-0.1,-0.31,9.6,-0.56,0.06,-0.52,1.53,0,5.15,0,0,0,idle,
29,4.34,8.88,-1,-2.8,-0.02,-0.71,9.66,-0.52,0.01,-0.93,2.13,0,5.15,0,0,0,idle,
0,4.49,8.9,-1,-1.96,1.6,-1,9.64,-0.55,0.06,-1.05,1.73,0,5.09,0,0,0,idle,
1,4.45,8.92,-0.91,-2.44,2.4,-1.44,9.59,-0.52,-0.07,-0.92,2.12,0,5.15,0,0,0,idle,
2,4.62,8.89,-0.96,-2.19,0.64,-0.66,9.7,-0.54,0.14,-0.88,2.94,0,5.15,0,0,0,idle,
3,4.6,8.91,-0.97,-1.97,1.64,-0.2,9.67,-0.52,0.11,-1.24,2.95,0,5.16,0,0,0,idle,
4,4.49,8.91,-0.98,-3.48,-1.15,1.68,9.6,-0.56,0.1,-0.66,2.77,0,5.14,0,0,0,idle,
5,4.48,8.92,-1,-3.63,-1.11,1.63,9.62,-0.54,0.13,-1.02,3.28,0,5.15,0,0,0,idle,
6,4.48,8.81,-0.98,-2.63,0.28,1.06,9.67,-0.55,0.13,-1.08,2.41,0,5.16,0,0,0,idle,
7,4.46,8.85,-0.88,-2.89,0.09,1.79,9.54,-0.49,0.08,-1.45,2.37,0,5.16,0,0,0,idle,
8,4.42,8.99,-1.07,-4.92,-1.18,0.78,9.64,-0.54,0.16,-1.45,2.5,0,5.15,0,0,0,idle,
9,4.56,9,-1.07,-3.01,0,-0.71,9.55,-0.53,0.17,-0.75,2.25,0,5.14,0,0,0,idle,
10,4.51,8.95,-0.97,-1.38,1.4,-0.69,9.61,-0.53,0.11,0.16,1.05,0,5.11,0,0,0,idle,
11,4.6,8.94,-0.96,-1.35,2.43,0.05,9.67,-0.58,-0.02,-0.43,1.73,0,5.15,0,0,0,idle,
12,4.52,8.97,-0.93,-2.6,2.28,0.27,9.62,-0.51,0.13,-1.08,2.41,0,5.14,0,0,0,idle,
13,4.44,8.93,-1.01,-2.46,2.16,0.56,9.63,-0.49,0.05,-1.3,2.89,0,5.15,0,0,0,idle,
14,4.41,9.01,-0.8,-3.02,1.27,0.21,9.6,-0.46,0.24,-2.9,3.56,0,5.16,0,0,0,idle,
15,4.59,8.93,-0.91,-2.71,3.79,-1.47,9.71,-0.56,0.21,-0.56,3.94,0,5.15,0,0,0,idle,
16,4.5,8.89,-0.85,-3.17,2.82,-0.34,9.56,-0.44,0.15,0.19,3.82,0,5.15,0,0,0,idle,
17,4.61,8.9,-0.82,-3.59,1.98,-0.47,9.51,-0.52,0.37,0.03,5.33,0,5.16,0,0,0,idle,
18,4.65,8.97,-0.84,-3.32,3.74,-1.49,9.65,-0.48,0.32,1.7,4.87,0,5.15,0,0,0,idle,
19,4.85,8.77,-0.82,-4.64,0.88,-0.94,9.58,-0.57,0.21,1.32,4.05,0,5.16,0,0,0,idle,
20,4.87,8.79,-0.89,-4.21,0.67,1.59,9.52,-0.55,0.28,1.55,4.02,0,5.16,0,0,0,idle,
21,4.79,8.83,-0.81,-4.94,2.92,1.6,9.64,-0.49,0.26,0.69,6.47,0,5.16,0,0,0,idle,
22,4.81,8.83,-0.83,-5.08,3.4,1.6,9.6,-0.38,0.79,-1.08,5.92,0,5.15,0,0,0,idle,
23,4.73,8.88,-0.88,-7.91,-0.85,6.17,9.62,-0.51,0.29,-0.05,4.92,0,5.14,0,0,0,idle,
24,4.69,8.89,-0.82,-8.94,-2.14,7.06,9.5,-0.49,0.46,-0.59,4.92,0,5.15,0,0,0,idle,
25,4.61,8.88,-0.84,-6.37,3.65,3.34,9.8,-0.76,0.87,-3.46,7.58,0,5.15,0,0,0,idle,
26,4.56,8.86,-0.91,-6.37,2.27,3.34,9.72,-0.6,0.67,-0.84,5.25,0,5.15,0,0,0,idle,
27,4.6,8.65,-0.88,-7.91,-0.54,3.17,9.6,-0.49,0.59,-0.6,5.86,0,5.15,0,0,0,idle,
28,4.56,8.69,-0.87,-6.66,1.65,1.98,9.6,-0.44,0.45,-0.55,5.3,0,5.15,0,0,0,idle,
29,4.47,8.75,-0.96,-5.89,0.52,1.08,9.72,-0.38,0.49,-0.18,4.45,0,5.16,0,0,0,idle,
0,4.61,8.69,-0.93,-6.73,-1.21,0.84,9.72,-0.37,0.51,0.47,4.24,0,5.12,0,0,0,idle,
1,4.74,8.59,-0.88,-3.14,4.27,-2.61,9.53,-0.45,0.54,0.22,2.54,0,5.16,0,0,0,idle,
2,4.73,8.66,-0.97,-3.06,4.15,-1.98,9.5,-0.37,0.64,0.27,3.37,0,5.15,0,0,0,idle,
3,4.79,8.74,-0.86,0.08,3.54,-2.73,9.75,-0.43,0.68,0.41,2.49,0,5.15,0,0,0,idle,
4,4.8,8.72,-0.79,1.01,4.37,-2.66,9.7,-0.46,0.75,-0.02,3.03,0,5.14,0,0,0,idle,
5,4.83,8.76,-0.8,-0.78,1.25,-1.92,9.52,-0.46,0.62,-0.62,3.95,0,5.15,0,0,0,idle,
6,4.87,8.68,-0.75,1.11,2.69,-2.05,9.62,-0.48,0.59,0.05,2.39,0,5.16,0,0,0,idle,
7,4.78,8.74,-0.63,1.5,3.11,-1.6,9.59,-0.53,0.65,-0.21,2.91,0,5.08,0,0,0,idle,
8,4.67,8.75,-0.6,0.81,1.18,-0.89,9.64,-0.39,0.62,-0.25,2.42,0,5.16,0,0,0,idle,
9,4.62,8.78,-0.64,-1.49,-2.33,-0.41,9.58,-0.36,0.64,0.54,1.4,0,5.15,0,0,0,idle,
h,a,n,d,m,o,t,o,r,,,,,,,,,,
10,4.87,8.71,-0.64,-0.43,2.08,-4.2,9.66,-0.49,0.63,0.27,0.32,0,5.14,0,0,0,handmotor,
11,4.78,8.66,-0.63,-0.12,2.47,-3.66,9.62,-0.45,0.53,0.05,-0.69,0,5.12,0,0,0,handmotor,
12,4.64,8.72,-0.75,-2.37,-2.05,-0.74,9.72,-0.46,0.58,-0.28,-1.86,0,5.16,0,0,0,handmotor,
13,4.65,8.73,-0.66,-2.7,-1.64,-1.93,9.7,-0.45,0.61,-0.91,-0.27,0,5.15,0,0,0,handmotor,
14,4.83,8.87,-0.86,0.1,4.17,-7.21,9.5,-0.46,0.6,0.02,-0.89,0,5.15,0,0,0,handmotor,
15,4.89,8.82,-0.81,-0.81,2.3,-6.03,9.54,-0.41,0.67,0.29,-1.12,0,5.15,0,0,0,handmotor,
16,4.81,8.88,-0.82,-0.91,2,-3.76,9.6,-0.46,0.59,-0.27,-0.13,0,5.15,0,0,0,handmotor,
17,4.74,8.83,-0.76,-1.1,1.09,-4.07,9.57,-0.51,0.72,0.11,-0.47,0,5.13,0,0,0,handmotor,
18,4.75,8.73,-0.63,-0.89,-0.05,-4.01,9.64,-0.58,0.63,0.19,-1.04,0,5.11,0,0,0,handmotor,
19,4.76,8.72,-0.7,-1.34,0.16,-3.41,9.53,-0.56,0.65,-0.82,-0.28,0,5.14,0,0,0,handmotor,
20,4.68,8.81,-0.75,-3.64,0.18,-3.18,9.63,-0.45,0.61,-1.76,0.33,0,5.16,0,0,0,handmotor,
21,4.72,8.75,-0.85,-3.28,-1.5,-2.44,9.57,-0.45,0.61,-1.4,1.14,0,5.16,0,0,0,handmotor,
22,4.87,8.85,-0.74,-1.48,0.33,-3.31,9.52,-0.46,0.63,-0.82,0.09,0,5.16,0,0,0,handmotor,
23,4.83,8.86,-0.77,-1.07,3.03,-4.27,9.49,-0.45,0.55,-0.52,0.51,0,5.15,0,0,0,handmotor,
24,4.57,8.67,-0.87,-2.89,-1.95,0.14,9.5,-0.51,0.59,0.54,-3.67,0,5.16,0,0,0,handmotor,
25,4.53,8.71,-0.89,-3.53,-3.56,0.31,9.37,-0.43,0.48,1.46,-4.69,0,5.13,0,0,0,handmotor,
26,4.61,8.96,-0.93,-2.47,1.5,-3.05,9.76,-0.48,0.66,-2.25,-3.32,0,5.16,0,0,0,handmotor,
27,4.68,8.95,-1.11,-3.65,1.49,-2.85,9.95,-0.62,0.68,-3.21,-0.08,0,5.16,0,0,0,handmotor,
28,4.85,8.85,-0.91,1.68,1.47,-5.28,9.57,-0.42,0.6,-1.45,-1.28,0,5.15,0,0,0,handmotor,
29,4.79,8.86,-0.8,3.85,3.47,-4.6,9.54,-0.41,0.5,-0.4,-2.78,0,5.16,0,0,0,handmotor,
0,4.56,8.71,-0.61,-3.53,-1.74,-1.33,9.43,-0.36,0.46,-2.18,-0.05,0,5.15,0,0,0,handmotor,
1,4.58,8.82,-0.73,-1.76,-2.42,-0.68,9.38,-0.29,0.39,0.8,-1.81,0,5.14,0,0,0,handmotor,
2,4.66,8.95,-0.99,-5.31,-4.71,-2.79,9.75,-0.49,0.51,-1.5,0.52,0,5.16,0,0,0,handmotor,
3,4.68,8.9,-0.92,-2.79,-1.44,-4.25,9.76,-0.36,0.37,-1.09,1.87,0,5.15,0,0,0,handmotor,
4,4.73,8.79,-0.72,-0.3,1.15,-3.69,9.41,-0.32,0.41,0.01,-0.33,0,5.15,0,0,0,handmotor,
5,4.62,8.62,-0.75,0.34,2.71,-5.85,9.58,-0.35,0.35,-1.44,-3.25,0,5.14,0,0,0,handmotor,
6,4.47,8.47,-0.75,-3.68,-1.56,-3.89,9.92,-0.33,0.71,-4.89,-4.37,0,5.13,0,0,0,handmotor,
7,4.31,8.17,-0.93,-6.73,-7.47,0.09,10.19,-0.37,0.38,-4.02,-6.45,0,5.16,0,0,0,handmotor,
8,4.34,8.36,-1.02,-5.82,-10.48,3.12,9.61,-0.47,0.14,-5.23,-3.55,0,5.15,0,0,0,handmotor,
9,4.78,8.75,-1.01,-2.4,1.28,-4.69,9.62,-0.48,0.28,0.07,0.82,0,5.15,0,0,0,handmotor,
10,4.84,8.72,-0.97,-2.06,1.17,-4.15,9.6,-0.54,0.28,0.2,0.57,0,5.15,0,0,0,handmotor,
11,4.91,8.76,-0.93,-0.27,4.96,-3.84,9.56,-0.5,0.27,0.27,0.12,0,5.15,0,0,0,handmotor,
12,4.85,8.76,-0.87,-0.89,4.89,-3.22,9.6,-0.52,0.26,0.31,0.31,0,5.14,0,0,0,handmotor,
13,4.78,8.83,-0.97,-3.24,-1.55,0.08,9.62,-0.52,0.26,0.31,0.51,0,5.15,0,0,0,handmotor,
14,4.86,8.78,-0.97,-2.37,-1.46,-0.11,9.63,-0.51,0.34,0.37,0.24,0,5.15,0,0,0,handmotor,
15,4.88,8.83,-0.92,-0.53,2.38,-0.91,9.57,-0.51,0.28,0.4,-0.32,0,5.1,0,0,0,handmotor,
16,4.84,8.88,-0.95,0.61,5.81,-1.71,9.64,-0.5,0.22,-0.15,0.25,0,5.15,0,0,0,handmotor,
17,4.79,8.89,-0.9,-0.12,6.56,-1.65,9.58,-0.57,0.38,0.16,0.42,0,5.15,0,0,0,handmotor,
18,4.86,8.87,-0.86,-2.21,3.93,0.69,9.55,-0.44,0.36,-0.5,3.07,0,5.15,0,0,0,handmotor,
19,4.79,8.92,-0.82,-1.76,5.51,0.63,9.58,-0.49,0.31,-0.42,2.21,0,5.13,0,0,0,handmotor,
20,4.64,9,-0.73,-2.34,5.56,1.02,9.63,-0.47,0.34,-1.18,4.19,0,5.15,0,0,0,handmotor,
21,4.68,8.88,-0.74,-2.97,4.86,0.73,9.6,-0.42,0.4,-0.91,3.95,0,5.16,0,0,0,handmotor,
22,4.53,8.79,-0.65,-3.63,5.96,-0.98,9.62,-0.49,0.33,-0.53,3.15,0,5.16,0,0,0,handmotor,
23,4.62,8.69,-0.61,-4.74,5.77,-1.97,9.59,-0.41,0.36,-1.08,3.83,0,5.16,0,0,0,handmotor,
24,4.5,8.72,-0.68,-7.32,0.98,-1.6,9.6,-0.37,0.49,-0.69,3.6,0,5.16,0,0,0,handmotor,
25,4.65,8.83,-0.83,-8.76,-0.68,-2.81,9.7,-0.38,0.36,-0.5,3.24,0,5.15,0,0,0,handmotor,
26,4.77,8.84,-0.92,-7.92,1.73,-4.53,9.72,-0.4,0.44,0,2.89,0,5.12,0,0,0,handmotor,
27,4.88,8.79,-0.84,-5.85,4.25,-5.49,9.64,-0.36,0.6,0.5,1.47,0,5.15,0,0,0,handmotor,
28,5.12,8.68,-0.73,-15.21,-17.88,4.35,9.56,-0.62,0.46,-1.69,1.3,0,5.16,0,0,0,handmotor,
29,5.05,8.63,-0.85,-10.29,-7.11,3.03,9.65,-0.58,0.34,-4.3,1.37,0,5.14,0,0,0,handmotor,
0,4.77,8.75,-0.88,-7.5,7.08,-2.47,9.71,-0.22,0.41,-1.38,-0.44,0,5.13,0,0,0,handmotor,
1,4.58,8.81,-0.91,-6.58,6.08,-3.6,9.74,-0.22,0.52,-0.13,-0.56,0,5.16,0,0,0,handmotor,
2,4.79,8.69,-0.8,-2.49,6.16,-5.24,9.57,-0.23,0.43,2.02,-0.26,0,5.16,0,0,0,handmotor,
3,4.8,8.5,-0.91,-1.63,10.3,-7.1,9.61,-0.2,0.45,2.18,-0.1,0,5.13,0,0,0,handmotor,
4,4.67,8.73,-0.88,-2.91,2.47,-4.52,9.61,-0.25,0.38,4.2,0.29,0,5.16,0,0,0,handmotor,
5,4.88,8.67,-0.87,-2.74,1.33,-4.58,9.63,-0.34,0.44,3.41,1.23,0,5.15,0,0,0,handmotor,
6,4.91,8.68,-0.92,1.73,8.83,-5.48,9.65,-0.39,0.48,1.79,0.07,0,5.15,0,0,0,handmotor,
7,4.84,8.73,-0.89,2.08,9.1,-4.4,9.59,-0.27,0.48,1.4,0.16,0,5.16,0,0,0,handmotor,
8,4.73,8.83,-0.54,2.82,4.05,-0.63,9.66,-0.22,0.44,0.63,-0.38,0,5.15,0,0,0,handmotor,
9,4.61,8.83,-0.55,0.94,2.83,-0.11,9.66,-0.17,0.46,0.47,0.29,0,5.16,0,0,0,handmotor,
10,4.65,8.73,-0.44,-0.21,0.76,-1.14,9.6,-0.22,0.53,2.44,-1.99,0,5.15,0,0,0,handmotor,
11,4.93,8.76,-0.44,2.83,3.25,-2.13,9.51,-0.22,0.26,0.97,-0.66,0,5.15,0,0,0,handmotor,
12,4.94,8.84,-0.59,0.38,0.37,4.05,9.61,-0.29,0.45,1.91,-0.58,0,5.16,0,0,0,handmotor,
13,5.19,8.81,-0.79,-0.52,-0.71,3.76,9.72,-0.31,0.47,0.28,0.34,0,5.15,0,0,0,handmotor,
14,8.6,8.51,-1.81,16.26,42.7,3.93,9.89,0.8,0.43,10.45,-3.04,0,5.15,0,0,0,handmotor,
15,7.89,8.19,-2.51,20.76,65.5,13.98,9.97,0.49,-0.01,17.51,-0.44,0,5.14,0,0,0,handmotor,
16,8.81,7.79,-4.15,24.83,58.76,22.05,10.03,1.07,1.16,33.33,-1.95,0,5.1,0,0,0,handmotor,
17,12.72,7.91,-5.56,29.63,50.92,25,10.49,1.41,0.49,42.31,-19.11,0,5.15,0,0,0,handmotor,
18,14.01,10.98,-6.87,111.06,203.11,161.93,8.44,1.95,0.29,98.8,-32.53,0,5.15,0,0,0,handmotor,
19,13.04,11.24,-7.2,83.46,141.05,212.34,8.52,1.48,0.3,113.96,-32.37,0,5.14,0,0,0,handmotor,
20,11.6,12.18,-6.45,132.26,67.32,160.6,9.5,1.28,0.86,139.49,-17.67,0,5.16,0,0,0,handmotor,
21,12.88,11.01,-5.09,133.27,50.89,202.02,10.25,1.25,1.14,151.66,-16.88,0,5.12,0,0,0,handmotor,
22,5.77,8.05,-2.78,110.13,77.71,174.87,9.27,0.79,1.22,179.89,-24.39,0,5.16,0,0,0,handmotor,
23,3.61,6.21,-2.33,128.57,42.74,188.4,9.03,0.2,1.04,185.44,-30.27,0,5.16,0,0,0,handmotor,
24,11.06,7.11,-0.69,250.13,-82.82,237.98,10.59,-0.67,1.24,181.97,-33.69,0,5.16,0,0,0,handmotor,
25,7.64,2.66,-0.8,27.47,-1.21,128.86,10.9,-0.9,1.03,183.07,-43.08,0,5.13,0,0,0,handmotor,
26,4.44,1.28,-3.02,175.63,77.27,197.27,10.27,-0.79,0.04,159.71,-41.31,0,5.16,0,0,0,handmotor,
27,3.72,2.2,-3.37,138.05,110.34,165.76,10.32,-0.71,-0.51,150.56,-40.26,0,5.16,0,0,0,handmotor,
28,2.41,0.69,-1.6,158.08,-5.7,82.93,9.2,0.36,-0.95,132.84,-38.96,0,5.15,0,0,0,handmotor,
29,0.72,0.52,-0.72,193.03,-39.3,98.03,8.98,0.56,-1.14,129.57,-38.9,0,5.15,0,0,0,handmotor,
0,-1.28,2.34,0.54,148.67,-23.57,65.32,9.06,0.55,-1.56,127.82,-38.36,0,5.13,0,0,0,handmotor,
1,-2.42,3.85,1.57,137.49,-35.26,46.1,8.92,0.11,-1.15,120.71,-37.1,0,5.16,0,0,0,handmotor,
2,-0.86,10.62,0.17,-26.47,-38.96,-154.15,9.12,-2.91,-2.45,99.75,-33.76,0,5.17,0,0,0,handmotor,
3,0.2,13.32,-0.72,-67.02,-38.6,-174.55,8.91,-3.02,-2.53,93.89,-28.3,0,5.17,0,0,0,handmotor,
4,17.72,17.2,-7.65,-96.02,-67.21,-179.42,9.16,-2.18,-1.66,79.43,-17.18,0,5.19,0,0,0,handmotor,
5,19.62,17.47,-10.6,-55.99,-142.22,-173.11,9.06,-1.92,-1.17,79.03,-15.4,0,5.18,0,0,0,handmotor,
6,19.62,13.63,-8.46,-250.14,-161.35,-250.14,8.73,-1.45,-0.98,80.92,-17.18,0,5.13,0,0,0,handmotor,
7,19.62,8.22,-9.03,-177.92,-151.98,77.73,8.73,-2.12,-1.27,71.9,-15.85,0,5.18,0,0,0,handmotor,
8,18.15,9.88,-19.62,250.13,-93.62,-99.15,9.93,-2.5,-1.64,53.88,-11,0,5.18,0,0,0,handmotor,
9,19.62,-2.48,-10.41,-226.31,-144.07,-132.58,10.14,-3.02,-1.86,18.55,-23.21,0,5.2,0,0,0,handmotor,
10,19.62,-5.01,-8.45,41.91,-44.35,-54.95,9.7,-3.71,-2.69,7.85,-24.98,0,5.23,0,0,0,handmotor,
11,16.49,-8.07,-5.25,71.73,-50.41,79.52,8.81,-1.29,-3.59,-23.48,-0.4,0,5.22,0,0,0,handmotor,
12,17.08,-6.31,-5.16,42.73,-31.98,78.82,9.13,-1.04,-3.29,-31.8,-0.85,0,5.2,0,0,0,handmotor,
13,14.53,-4.49,-4.45,1.97,28.81,67.08,9.32,-0.69,-3.39,-41.34,2.85,0,5.16,0,0,0,handmotor,
14,11.79,-3.47,-0.5,101.45,46.73,194.22,9.34,-0.39,-3.45,-41.02,1.47,0,5.25,0,0,0,handmotor,
15,7.1,5.28,-5.09,80.18,142.67,207.18,9.39,-0.4,-2.53,-58.2,5.02,0,5.23,0,0,0,handmotor,
16,4.27,3.54,-1.93,113.11,165.98,198.7,9.57,0.06,-2.33,-62.68,5.64,0,5.24,0,0,0,handmotor,
17,0.34,4.5,-0.98,114.66,121.98,193.42,9.83,-0.12,-2.68,-66.83,-2.2,0,5.24,0,0,0,handmotor,
18,-2.4,5,1.06,12.66,73.85,117.9,10.37,0.25,-2.5,-62.95,-2.27,0,5.25,0,0,0,handmotor,
19,-0.86,9.66,-2.33,-61.02,-22.48,-54.84,8.54,2.86,-2.94,-10.25,-0.72,0,5.23,0,0,0,handmotor,
20,0.21,9.58,-3.43,-86.3,-54.04,-104.73,8.65,1.97,-3.15,-6.21,1.14,0,5.25,0,0,0,handmotor,
21,6.74,11.54,-2.69,-118.11,-100.72,-179.21,8.69,0.25,-3.41,14,3.02,0,5.24,0,0,0,handmotor,
22,12.81,11.98,-4.36,-122.3,47.6,-221.92,9.22,0.09,-2.89,16.31,2.47,0,5.26,0,0,0,handmotor,
23,19.62,5.99,-9.44,-137.35,78.98,-197.82,10.34,-0.1,-1.3,22.68,2.46,0,5.24,0,0,0,handmotor,
24,19.62,3.68,-9.28,-62.56,47.37,-136.15,10.6,-0.15,-1.78,19.41,-2.25,0,5.24,0,0,0,handmotor,
25,19.62,-7.59,4.86,250.13,-176.35,-36.35,10.07,-1.77,-3.19,-4.85,-24.11,0,5.23,0,0,0,handmotor,
26,19.62,-5.33,-12.46,-156.97,-67.04,-250.14,9.43,-0.7,-3.45,-18.43,-6.31,0,5.23,0,0,0,handmotor,
27,18.95,-6.06,-5,134.76,139.4,82.89,9.23,-0.23,-3,-50.21,13.95,0,5.21,0,0,0,handmotor,
28,12.8,-4.22,-1.35,250.13,34.98,229.17,9.4,-1.06,-3.1,-45.88,-3.45,0,5.21,0,0,0,handmotor,
29,1.31,-7.38,6.09,-87.15,-250.14,250.13,8.66,-1.94,-2.53,-63.78,5.11,0,5.2,0,0,0,handmotor,
0,-2.25,2.72,4.83,148.65,240.73,115.44,9.34,-2.19,-2.01,-75.85,1.34,0,5.2,0,0,0,handmotor,
1,-0.86,7.06,1.99,-13.9,22.63,172.56,9.47,-1.97,-1.61,-124.5,-3.69,0,5.19,0,0,0,handmotor,
2,-1.2,7.87,0.47,-63.46,12.05,137.53,9.7,-1.91,-1.77,-139.58,-9.12,0,5.19,0,0,0,handmotor,
3,2.85,9.46,-2.32,-153.54,-26.38,10.02,9.73,-0.86,-2.94,-150.64,5.11,0,5.18,0,0,0,handmotor,
4,4.27,8.46,-3,-185.15,4.63,-17.13,9.12,0.6,-1.83,-152.04,0.08,0,5.2,0,0,0,handmotor,
5,5.9,6.28,-6.21,-219.97,30.34,-71.08,10.1,-1.33,-2.27,-165.28,0.42,0,5.19,0,0,0,handmotor,
6,6.72,4.73,-7.01,-221.5,14.01,-105.65,9.77,-1.88,-2.08,-172.09,4.75,0,5.18,0,0,0,handmotor,
7,10.7,5.45,-8.65,-230.7,43.02,-117.47,9.29,-0.82,-1.14,-198.07,11.31,0,5.18,0,0,0,handmotor,
8,13.14,5.51,-10.87,-242.42,45.48,-114.34,9.36,0.18,-1.93,-209.98,25.71,0,5.18,0,0,0,handmotor,
9,12.46,3.55,-11.46,-249.27,34.43,-146.51,10.23,1.4,-1.85,-214.64,31.41,0,5.19,0,0,0,handmotor,
10,11.86,3.6,-10.6,-196.27,-21.85,-117.83,10.29,0.89,-0.51,-202.47,32.04,0,5.18,0,0,0,handmotor,
11,9.77,3.43,-9.83,-128.88,-84.47,-77.11,9.6,0.56,-0.34,-197.15,33.09,0,5.18,0,0,0,handmotor,
12,18.91,2.86,-9.99,-250.14,-201.67,17.35,7.94,1.06,-0.59,-187.58,50.52,0,5.19,0,0,0,handmotor,
13,13.24,-1.41,-2.69,-40.5,-146.69,200.2,8.43,1.28,-0.3,-171.34,53.91,0,5.18,0,0,0,handmotor,
14,15.74,0.18,-3.32,-250.14,-192.29,18.83,8.85,-0.59,0.62,-184.94,71.31,0,5.16,0,0,0,handmotor,
15,15.42,-0.38,-7.23,-250.14,-164.02,66.56,9.24,-1.31,-0.46,-179.4,59.06,0,5.17,0,0,0,handmotor,
16,13.01,-0.46,-4.67,-156.4,-155.16,126.6,13.53,-2.42,0.08,-191.21,29.22,0,5.18,0,0,0,handmotor,
17,16.41,1.04,-3.94,-71.76,-155.04,194.48,14.43,-3.79,0.34,-197.65,20.9,0,5.18,0,0,0,handmotor,
18,12.2,1.95,-1.81,-185.86,-66.07,250.13,8.66,-0.54,-1.06,-187.12,11.98,0,5.17,0,0,0,handmotor,
19,9.62,2.57,0.63,107.18,28.68,250.13,8.93,-0.66,-0.62,-185.89,19.82,0,5.15,0,0,0,handmotor,
20,8.3,3.57,0.28,-237.74,-75.66,236.73,9.93,-2.62,-0.21,-187.97,19.51,0,5.15,0,0,0,handmotor,
21,5.42,4.4,-0.14,-209.44,-163.42,250.13,9.93,-2.6,-1.44,-179.76,19.61,0,5.15,0,0,0,handmotor,
22,2.4,3.62,-2.01,-178.27,-4.26,185.15,9.51,-2.39,-0.73,-170.69,1.01,0,5.16,0,0,0,handmotor,
23,0.83,1.93,-1.4,-176.77,21.27,174.19,9.86,-2,-0.27,-178.53,16.4,0,5.15,0,0,0,handmotor,
24,-2.38,5.23,-2.58,-183.81,164.69,56.16,8.93,0.96,-2.12,-119.65,13.59,0,5.17,0,0,0,handmotor,
25,-3.77,5.75,-5.34,-157.5,168.44,-1.37,8.41,0.86,-1.91,-103.07,13.19,0,5.15,0,0,0,handmotor,
26,-3.94,6.12,-7.44,-164.72,52.5,-98.45,8.52,0.06,-2.68,-70.01,8.06,0,5.2,0,0,0,handmotor,
27,1,8.65,-6.93,-129.98,6.3,-145.72,9.47,-0.87,-2.74,-62.91,3.46,0,5.22,0,0,0,handmotor,
28,13.05,9.13,-9.22,-57.61,76.46,-179.3,9.32,0.22,-1.84,-42.37,4.79,0,5.18,0,0,0,handmotor,
29,17.48,9.96,-11.73,23.87,-10.91,-68.4,9,0.79,-1.98,-37.13,1.95,0,5.19,0,0,0,handmotor,
0,15.55,1.59,-9.01,-7.08,95.57,-250.14,10.19,-0.78,-1.84,-30.93,-5.85,0,5.21,0,0,0,handmotor,
1,14.1,-2.32,-0.42,250.13,143.82,48.11,10.4,-1.24,-2.21,-32.4,-7.16,0,5.17,0,0,0,handmotor,
2,16.2,-5.49,-0.22,-72.5,-10.05,-7.73,9.51,0.46,-2.35,-42.95,9.52,0,5.19,0,0,0,handmotor,
3,14.14,-5.13,-1.07,111.95,16.58,164.32,8.95,0.99,-1.98,-36.37,8.3,0,5.19,0,0,0,handmotor,
4,15.57,-2.79,-3.23,186.14,-43.43,205.29,8.88,1.12,-2.3,-32.92,11.23,0,5.18,0,0,0,handmotor,
5,14.16,-2.16,-0.25,-178.82,-53.56,65.35,8.96,0.6,-2.17,-33,7.71,0,5.2,0,0,0,handmotor,
6,2.49,-1.63,1.73,129.5,21.16,148.14,9.62,0.34,-2.14,-15.79,2.95,0,5.18,0,0,0,handmotor,
7,5.96,4.14,-3.99,-109.47,-19.54,141.56,9.78,0.48,-2.26,-10.8,5.4,0,5.21,0,0,0,handmotor,
8,2.95,1.43,0.55,117.96,68.27,102.31,9.09,0.59,-1.99,6.12,-2.85,0,5.2,0,0,0,handmotor,
9,-0.31,3.41,-0.6,114.97,46.9,81.17,9.58,0.41,-1.95,9.06,-5.11,0,5.19,0,0,0,handmotor,
10,-2.99,5.7,-0.36,34.33,66.05,-27.35,10.21,0.72,-1.6,15.68,-3.07,0,5.19,0,0,0,handmotor,
11,-0.89,5.8,-1.04,12.68,36.36,-91.76,9.86,0.83,-3.1,35.73,-6.98,0,5.18,0,0,0,handmotor,
12,3.11,6.06,-3.15,-22.21,-9.44,-193.33,9.19,1.76,-2.28,67.43,1.73,0,5.18,0,0,0,handmotor,
13,7.56,7.16,-4.52,-9.69,-14.19,-195.21,9.26,1.7,-2.01,78.64,-2.61,0,5.18,0,0,0,handmotor,
14,14.34,6.38,-7.07,-52.7,-48.92,-120.53,9.78,0.18,-1.45,101.61,-6.15,0,5.17,0,0,0,handmotor,
15,19.62,5.19,-5.05,250.13,250.13,-200.05,9.64,-0.19,-1.33,99.08,-3.42,0,5.18,0,0,0,handmotor,
16,19.62,0.53,-3.37,250.13,250.13,-250.14,9.49,-0.4,-1.25,96.83,-4.26,0,5.14,0,0,0,handmotor,
17,19.62,5.34,2.29,-250.14,-250.14,-19.68,9.74,-0.4,-1.58,96.89,-6.31,0,5.19,0,0,0,handmotor,
18,19.62,-4.55,-1.05,-49.41,-80.38,-138.86,9.88,-0.45,-1.5,97.75,-5.95,0,5.17,0,0,0,handmotor,
19,14.09,-2.23,-6.05,-6.34,-205.84,106.66,9.94,-0.35,-1.94,97.82,-11.8,0,5.15,0,0,0,handmotor,
20,12.83,1.28,-13.74,73.88,-120.53,-7.98,10.17,-0.03,-2.7,97.48,-3.27,0,5.18,0,0,0,handmotor,
b,u,n,n,y,,,,,,,,,,,,,,
21,9.46,-2.39,-9.8,250.13,88.47,51.5,9.83,-0.75,-1.6,113.18,-9.82,0,5.18,0,0,0,bunny,
22,7.47,0.42,-5,250.13,9.1,117.04,9.34,-0.69,-1.6,120.18,-10.79,0,5.15,0,0,0,bunny,
23,5.5,2.58,-7.23,204.84,-20.18,66.18,9.08,-1.11,-1.73,126.27,-13.77,0,5.19,0,0,0,bunny,
24,5.99,1.39,-7.91,250.13,-8.61,58.9,9.54,-1.48,-1.62,124.42,-12.16,0,5.19,0,0,0,bunny,
25,4.73,1.26,-5.31,207.56,7.32,24.5,9.29,-2.12,-1.52,121.55,-15.55,0,5.18,0,0,0,bunny,
26,1.95,1.06,-3.25,185.21,28.01,14.8,9.19,-1.88,-1.54,124.68,-15.66,0,5.18,0,0,0,bunny,
27,3.04,3.46,-5.78,140.86,54.73,-29.47,9.65,-0.84,-1.51,150.21,1.15,0,5.18,0,0,0,bunny,
28,1.74,3.55,-5.51,71.63,68.68,-45.5,9.7,-0.14,-1.24,164.69,-1.66,0,5.18,0,0,0,bunny,
29,2.2,6.95,-4.09,76.63,10.73,-148.51,9.67,-1.95,-0.58,173.03,3.96,0,5.18,0,0,0,bunny,
0,4.38,5.73,-3.45,95.36,13.47,-174.31,9.3,-2.65,-0.65,184.42,-1.51,0,5.18,0,0,0,bunny,
1,11.98,10.86,-5.03,193.92,62.92,-195.39,9.01,-1.56,-0.13,183.79,7.92,0,5.13,0,0,0,bunny,
2,15.41,8.41,-8.19,83.82,91.89,-228.84,9.42,-1.51,-0.07,189.68,7.47,0,5.18,0,0,0,bunny,
3,18.53,5.71,-7.73,70.36,102.27,-207.13,10.05,-1.89,0.13,189.37,2.5,0,5.18,0,0,0,bunny,
4,19.62,3.79,-8.77,115.28,75.35,-200.21,10.62,-2.23,0.01,182.76,-1.31,0,5.18,0,0,0,bunny,
5,17.94,-2.18,-7.99,133.69,-34.34,-44.34,10.11,-3.86,-1.22,144.34,-9.89,0,5.18,0,0,0,bunny,
6,19.48,-2.33,-5.72,203.51,-48.25,-28.22,10.09,-3.04,-1.36,134.66,-4.82,0,5.18,0,0,0,bunny,
7,18.82,-3.71,-7.41,128.11,-190.02,45.71,9.93,-2.31,-1.75,129.62,-5.24,0,5.18,0,0,0,bunny,
8,19.62,-3.44,-4.37,233.7,35.7,-10.59,9.52,-1.6,-1.31,126.66,-3.35,0,5.11,0,0,0,bunny,
9,13.88,-2.97,-6.74,13.75,-27.7,34.28,8.85,-0.56,-1.49,129.05,-2.62,0,5.18,0,0,0,bunny,
10,3.76,2.5,-0.57,195.22,77.61,142.14,9.55,-1.44,-0.88,91.27,-17.52,0,5.18,0,0,0,bunny,
11,1.11,2.57,0.84,181.04,100.04,110.85,10.01,-1.27,-1.03,87.87,-22.52,0,5.17,0,0,0,bunny,
12,-1.3,3.55,1.14,193.72,90.29,81.05,10.28,0.2,-1.96,95.4,-21.15,0,5.18,0,0,0,bunny,
13,-2.96,5.16,0.77,157.35,63.78,31.71,10.54,1.82,-1.82,98.36,-22.5,0,5.18,0,0,0,bunny,
14,-2.53,6.66,1.32,100.24,37.46,-10.64,10.52,1.75,-2.1,88.57,-18.85,0,5.18,0,0,0,bunny,
15,1.78,9.17,-0.05,72.5,19.76,-58.33,10.61,1.32,-2.04,95.89,-10.84,0,5.17,0,0,0,bunny,
16,2.99,9.75,-3.59,-18.24,16.23,-139.47,9.71,1.33,-1.44,111.87,-15.18,0,5.18,0,0,0,bunny,
17,2.7,10.7,-2.92,-28.47,-20.4,-148.85,9.41,0.4,-1.31,108.27,-8.53,0,5.18,0,0,0,bunny,
18,19.03,13.91,-5.45,-173.77,-39.98,-208.23,9.51,-1.09,-1.24,86.52,0.38,0,5.17,0,0,0,bunny,
19,17.76,8.13,-6.11,-222.25,-144.85,-174.52,9.28,0.04,-0.93,84.28,-5.16,0,5.15,0,0,0,bunny,
20,3.25,10.51,1.83,109.63,16.83,-168.5,11.09,-1.04,-1.48,147.89,-21.05,0,5.16,0,0,0,bunny,
21,4.8,11.64,1.14,5.2,63.27,-168.96,11.18,-1.11,-1.48,149.16,-16.51,0,5.15,0,0,0,bunny,
22,6.43,13.57,0.49,-47.34,113.89,-163.29,9.37,1.3,0.02,166.76,-9.93,0,5.16,0,0,0,bunny,
23,12.26,15.74,-2.13,-69.24,157.4,-198.21,8.09,0.87,-0.06,160.84,-20.85,0,5.11,0,0,0,bunny,
24,15.94,14.07,-5.4,-154.87,148.9,-250.14,8.01,0.35,0.45,156.36,-16.49,0,5.13,0,0,0,bunny,
25,17.98,10.66,-6,-208.48,13.78,-250.14,9.18,-0.45,0.47,151.69,-11.91,0,5.16,0,0,0,bunny,
26,19.62,7.47,-8.77,-206.57,-32.26,-154.31,10.5,-1.53,-0.77,129.01,-10.45,0,5.16,0,0,0,bunny,
27,19.62,4.74,-7.69,250.13,250.13,-130.86,10.41,-1.72,-0.6,127.38,-18.29,0,5.14,0,0,0,bunny,
28,19.62,-4.68,-7.61,-2.15,29.09,-215.27,10.48,-3.02,-1.77,72.85,5.68,0,5.16,0,0,0,bunny,
29,19.62,-5.24,-5.36,-167.08,25.28,-160.86,10.65,-2.52,-1.34,61.56,4.61,0,5.14,0,0,0,bunny,
0,13.95,-4.2,-6.17,133.05,41.66,56.81,8.69,-1.92,-2.02,32.61,17.04,0,5.16,0,0,0,bunny,
1,13.58,-1.82,-6.42,75.92,2.74,69.15,8.83,-1.45,-1.84,26,-0.85,0,5.15,0,0,0,bunny,
2,9.58,2.23,-2.17,36.15,-37.02,96.47,9.05,-0.24,-1.18,7.12,-6.81,0,5.15,0,0,0,bunny,
3,8.21,4.06,-0.27,98.05,-40.98,156.36,8.81,-0.93,-1.55,-4.21,-16.05,0,5.15,0,0,0,bunny,
4,3.73,6.23,3.75,160.34,87.4,199.96,10.04,-0.7,-2.67,-11.93,-16.8,0,5.16,0,0,0,bunny,
5,0.52,6.35,3.95,115.22,134.42,149.8,9.28,0.21,-2.17,-8.8,-0.37,0,5.15,0,0,0,bunny,
6,-4.66,6.46,3.16,39.99,-20.6,27.39,9.44,0.98,-2,-1.43,-3.3,0,5.17,0,0,0,bunny,
7,-3.72,8.3,2.54,15.91,-67.92,-28.6,9.57,0.37,-2.19,-0.66,-1.95,0,5.11,0,0,0,bunny,
8,-0.66,11.84,-0.79,-39.88,-95.96,-122.62,9.07,-0.38,-1.83,10.13,-0.47,0,5.15,0,0,0,bunny,
9,2.84,12.94,-2.11,-101.63,-105.17,-170.83,9.1,-0.51,-1.83,8.93,-2.36,0,5.14,0,0,0,bunny,
10,19.26,16.69,-11.91,-250.14,-250.14,-169.55,9.56,-0.73,-1.1,-0.42,-11.27,0,5.15,0,0,0,bunny,
11,19.62,11.63,-15.29,-250.14,-30.96,-219.9,9.54,-0.64,-1.33,-6.7,-7.96,0,5.13,0,0,0,bunny,
12,19.62,4.3,-11.31,166.17,153.37,-56.36,9.53,0.5,-1.94,-17.96,-3.24,0,5.15,0,0,0,bunny,
13,19.62,5.25,-10.71,46,-13.64,-102.02,9.68,0.22,-2.07,-27.9,-1.65,0,5.16,0,0,0,bunny,
14,17.3,-2.9,-2.14,250.13,53.66,179.53,9.6,-1.51,-1.83,-39.58,-0.53,0,5.15,0,0,0,bunny,
15,16.94,0.54,-16.82,151.18,63.26,-174.83,9.79,-1.2,-1.54,-50.81,10.62,0,5.15,0,0,0,bunny,
16,14.64,-0.88,-8.77,109.6,-15.92,56.67,9.31,-1.19,-1.9,-72.82,-3.75,0,5.16,0,0,0,bunny,
17,10.43,-2.12,4.15,-179.24,-138.95,29.77,9.29,-1.48,-1.27,-86.74,-2.4,0,5.16,0,0,0,bunny,
18,6.43,4.24,5.66,104.28,46.26,124.23,9.85,-1.87,-1.87,-94.48,-30.38,0,5.13,0,0,0,bunny,
19,2.2,6.69,4.97,32.53,32.21,138.83,10.25,-0.8,-1.96,-107.43,-12.41,0,5.14,0,0,0,bunny,
20,-3.82,8.34,3.02,-77.53,24.52,112.92,8.75,0.12,-1.45,-104.55,-6,0,5.15,0,0,0,bunny,
21,-4.05,8.38,2.11,-83.58,-36.17,80.41,9.04,-0.58,-1.89,-102.65,-12.18,0,5.15,0,0,0,bunny,
22,-4.37,8.5,0.39,-211.25,-49.46,8.69,9.82,-1.39,-2.24,-107.56,-5.09,0,5.13,0,0,0,bunny,
23,-3.25,10.04,-0.76,-193.08,-71.55,-20.24,9.88,-2.13,-1.11,-119.52,-0.8,0,5.16,0,0,0,bunny,
24,0.29,11.7,-2.72,-250.14,-73.33,-94.54,10.15,-1.84,-1,-124.02,-6.09,0,5.16,0,0,0,bunny,
25,8.95,13.71,-15.82,-250.14,-39.47,-238.32,9.24,-0.73,-1.27,-157.68,-9.32,0,5.15,0,0,0,bunny,
26,10.91,7.77,-11.66,-250.14,-33.44,-250.14,9.16,-0.12,-1.07,-169.15,-5.59,0,5.16,0,0,0,bunny,
27,19.62,11.04,-15.04,-250.14,-214.19,-138.13,9.95,1.96,-0.74,-171.94,24.51,0,5.16,0,0,0,bunny,
28,19.62,6.09,-19.31,-250.14,-250.14,-27.46,9.87,3.55,0.46,-159.63,21.25,0,5.15,0,0,0,bunny,
29,-19.62,18.14,-19.62,-250.14,250.13,-250.14,8.81,1.99,-0.88,-169.14,31.61,0,5.16,0,0,0,bunny,
0,14.19,-0.68,-18.41,-23.6,250.13,-91.89,8.43,1.59,-1.05,-164.65,41.25,0,5.15,0,0,0,bunny,
1,16.84,3.41,1.42,-250.14,-157.56,-62.1,7.75,0.96,0.13,-168.63,50.36,0,5.15,0,0,0,bunny,
2,15.4,1.7,7.2,-250.14,-176.76,78.01,7.23,1.43,-0.34,-161.41,45.95,0,5.15,0,0,0,bunny,
3,13.31,1.22,0.05,-67,2.27,250.13,12.42,-0.75,-0.02,-172.93,29.63,0,5.16,0,0,0,bunny,
4,19.62,8.09,-3.17,9.52,122.39,42.15,12.12,-1.94,-0.43,-158.06,-15.93,0,5.13,0,0,0,bunny,
5,19.62,5.93,-0.19,-110.55,59.62,250.13,8.28,-0.26,-1.25,-144.34,29.92,0,5.16,0,0,0,bunny,
6,19.62,5.68,-0.86,-190.77,-0.75,250.13,8.21,0.18,-0.62,-127.21,31.58,0,5.14,0,0,0,bunny,
7,17.08,4.42,-0.11,-72.02,123.34,250.13,12.4,-1.36,-0.08,-116.34,30.34,0,5.15,0,0,0,bunny,
8,17.41,3.88,-0.3,-106.79,183,250.13,11.57,-2.05,0.76,-109.48,28.48,0,5.15,0,0,0,bunny,
9,8.79,0.72,-0.66,-113.61,244.33,250.13,11.19,-0.98,0.47,-98.99,33.63,0,5.14,0,0,0,bunny,
10,5.94,-1.28,-1.39,-205.02,234.55,250.13,11.23,-0.53,0.66,-99.94,48.95,0,5.15,0,0,0,bunny,
11,4.23,-3.67,-1.08,-192.32,151.21,250.13,10.86,-0.08,0.5,-90.73,51.32,0,5.12,0,0,0,bunny,
12,3.17,-4.51,-1.23,-153.06,154.89,250.13,10.56,0.11,0.63,-79.3,41.87,0,5.16,0,0,0,bunny,
13,-3.2,-4.72,-1.82,-103.63,250.13,149.63,9.53,-0.14,1.4,-69.65,36.79,0,5.14,0,0,0,bunny,
14,-3.77,-4.59,-1.19,-133.76,229.69,110.06,8.49,-0.23,0.91,-56.52,35.53,0,5.15,0,0,0,bunny,
15,-3.88,-7.08,-2.05,-83.36,68.94,77.53,7.37,-0.05,0.51,-53.56,31.7,0,5.15,0,0,0,bunny,
16,-4.67,-4.57,-2.17,-108.91,207.82,15.73,7.15,0.03,-0.01,-46.7,23.14,0,5.14,0,0,0,bunny,
17,-3.13,-4.85,-2.77,-36.6,250.13,-139.36,9.06,0.19,0.58,-31.95,16.34,0,5.15,0,0,0,bunny,
18,-1.63,-4.74,-2.2,102.21,248.2,-154.92,9.96,0.23,0.9,-28.2,13.31,0,5.15,0,0,0,bunny,
19,2.83,1.69,4.57,239.28,176.78,-250.14,9.55,0.78,1.22,-7.61,12.88,0,5.15,0,0,0,bunny,39
20,4.74,2.87,5.89,250.13,36.28,-250.14,9.21,-0.08,1.55,-6.31,12.71,0,5.15,0,0,0,bunny,39
21,10.14,4.94,10.26,214.81,-110.94,-161.14,8.4,-0.27,1.49,-6.91,10.18,0,5.15,0,0,0,bunny,
22,14.74,7.16,8.7,-32.88,-223.98,81.61,8.14,-0.68,1.39,0.24,0.5,0,5.15,0,0,0,bunny,57
23,3.05,-10.06,1.43,-205.84,-78.73,219.02,11.24,-1.11,1.79,12.86,-11.21,0,5.16,0,0,0,bunny,
24,2.74,-13.13,-1.25,-187.11,-63.36,175.58,11.13,-0.8,1.48,10.73,-10.85,0,5.13,0,0,0,bunny,
25,1.04,-13.59,-2.93,-250.14,72.76,51.63,10.04,-0.91,1.15,12.32,-9.24,0,5.11,0,0,0,bunny,
26,0.74,-14.75,-4.74,-250.14,49.25,-28.18,9.81,-0.97,1.28,8.85,-6.02,0,5.16,0,0,0,bunny,
27,2.29,-16.36,-7.47,-250.14,-113.06,-20.95,9.88,-1.03,1,9.12,-4.63,0,5.15,0,0,0,bunny,
28,-2.81,-13.52,-9.14,-124.04,-90.85,208.33,9.99,-1.03,0.9,10.3,-3.24,0,5.16,0,0,0,bunny,
29,-4.35,-11.28,-8.45,-58,20.71,234.62,9.52,-1.08,0.75,11.78,-1.91,0,5.15,0,0,0,bunny,
0,-4.11,-9.82,-9.97,-68.92,1.42,46.84,9.25,-0.62,0.78,15.02,0.27,0,5.15,0,0,0,bunny,
1,-5.27,-8.57,-9.25,-43.18,57.94,-7.93,9.07,-0.53,0.76,18.63,0.49,0,5.16,0,0,0,bunny,
2,-2.03,-7.16,-8.1,51.37,87.51,-127.25,9.31,-0.72,0.69,20.94,2.34,0,5.16,0,0,0,bunny,
3,-0.66,-6.61,-7.12,66.66,120.75,-167.73,9.43,-0.86,0.96,19.03,3.71,0,5.16,0,0,0,bunny,
4,1,-4.4,-3.65,250.13,155.82,-168.44,9.35,-0.15,0.7,27.27,1.85,0,5.16,0,0,0,bunny,
5,1.79,-2.54,-1.01,250.13,136.64,-163.62,9.18,0,0.95,31.75,0.7,0,5.16,0,0,0,bunny,
6,7.62,5.68,3.2,250.13,8.89,-155.81,9.1,0.3,1.69,44.31,-4.04,0,5.15,0,0,0,bunny,
7,11.7,6.56,9.91,250.13,-55.95,-177.5,9.34,0.66,1.57,53.72,-1.37,0,5.15,0,0,0,bunny,
8,12.96,2.64,4.87,-64.24,-138.18,204.92,8.54,0.3,1.75,70.63,-17.85,0,5.15,0,0,0,bunny,
9,10.75,2.2,3.56,-96.47,-166.02,202.8,9.06,-0.2,1.71,70.92,-21.6,0,5.11,0,0,0,bunny,
10,4.76,-5,0.48,-78.94,-86.6,122.29,10.66,-0.39,1.62,89.92,-27.35,0,5.15,0,0,0,bunny,
11,4.84,-7.83,0.23,-39.4,-81.95,92.13,10.65,-0.06,1.92,92.56,-30.66,0,5.15,0,0,0,bunny,
12,4.19,-7.77,0.82,61.57,-188.95,86.83,10.08,-0.52,1.55,101.72,-41.24,0,5.15,0,0,0,bunny,
13,4.86,-7.18,2.63,74.03,-208.7,99.3,9.85,-0.63,1.63,104.34,-39.79,0,5.13,0,0,0,bunny,
14,4.52,-7.53,0.3,-67.11,-163.77,78.38,9.53,-0.74,1.5,120.13,-49.85,0,5.16,0,0,0,bunny,
15,2.86,-12.37,0.5,-24.1,-91.68,74.27,9.07,-1.57,1.28,125.45,-53.12,0,5.14,0,0,0,bunny,
16,1.83,-11.72,1.77,62.89,-95.97,89.47,9,-2.47,0.62,117.18,-45.88,0,5.16,0,0,0,bunny,
17,1.51,-8.56,0.4,92.16,-249.98,82.65,8.91,-3.55,0.49,112.17,-39.37,0,5.15,0,0,0,bunny,
18,0.62,-10.52,0.25,44.51,-226.21,-9.41,8.8,-3.22,0.53,104.86,-26.61,0,5.16,0,0,0,bunny,
19,1.65,-9.1,0.19,20.2,-250.14,-53.97,9.26,-2.59,0.29,112.75,-24.23,0,5.15,0,0,0,bunny,
20,5.96,-14.09,-1.61,-54.91,-248.61,-140.61,9.51,-2.15,0.29,117.31,-22.45,0,5.16,0,0,0,bunny,
21,6.82,-13.37,-0.28,-45.63,-140.3,-150.11,9.4,-1.97,0.03,120.64,-22.02,0,5.16,0,0,0,bunny,
22,8.62,-14.46,-0.18,-7.89,-192.98,-104.68,9.24,-2.34,-0.43,114.11,-15.66,0,5.13,0,0,0,bunny,
23,9.32,-13.96,-1.28,3.65,-128.6,-1.51,9.04,-2.74,-0.28,116.98,-12.06,0,5.13,0,0,0,bunny,
24,10.08,-14.28,-1.94,-32,-90.01,-3.34,8.95,-2.64,0.44,121.76,-13.31,0,5.15,0,0,0,bunny,
25,8.62,-13.62,-1.01,32.53,-77.09,57.53,9.14,-1.61,0.03,129.56,-7.27,0,5.15,0,0,0,bunny,
26,6.28,-12.29,-0.5,27.19,-85.33,79.63,8.8,-1.91,0.58,129.75,-4.49,0,5.14,0,0,0,bunny,
27,5.9,-12.98,-0.13,-23.07,-100.56,104.95,10.49,-2.11,0.46,129.13,-2.37,0,5.15,0,0,0,bunny,
28,4.47,-12.42,-1.02,-52.31,-95.66,105.19,10.57,-1.56,0.59,127.84,-4.93,0,5.11,0,0,0,bunny,
29,2.91,-12.89,-2.05,-48.42,-76.75,121.82,10.31,-1.32,0.6,129.76,-3.3,0,5.13,0,0,0,bunny,
0,-0.06,-10.96,-3.79,-121.15,-192.88,71.96,10.04,-0.28,0.71,134.46,1.38,0,5.14,0,0,0,bunny,
1,-1.01,-10.39,-3.75,-73.25,-83.91,34.5,9.91,-1.21,1.41,117.63,12.3,0,5.16,0,0,0,bunny,
2,-0.74,-9.35,-3.88,-52.4,-60.37,22.83,9.56,-1.2,1.08,110.92,11.82,0,5.13,0,0,0,bunny,
3,-2.15,-7.27,-3.35,-18.38,-8.94,-2.37,9.26,-0.95,1.12,105.51,17.77,0,5.15,0,0,0,bunny,
4,-2.81,-6.28,-4.25,-5.55,6.5,-8.66,8.9,-0.96,1.1,92.21,17.14,0,5.15,0,0,0,bunny,
5,-2.02,-5.69,-3.8,-1.27,51.34,-59.12,8.73,-1.15,0.4,85.12,11.27,0,5.15,0,0,0,bunny,
6,-2.16,-5.4,-3.46,55.89,95.66,-70.75,8.75,-1.17,0.64,75.9,15.31,0,5.15,0,0,0,bunny,
7,-1.13,-3.41,0.25,250.13,18.82,-130.4,9.48,-1.73,0.83,50.48,8.97,0,5.16,0,0,0,bunny,
8,-0.59,-1.6,3.85,250.13,-3.89,-130.62,9.76,-1.74,0.66,46.02,7.68,0,5.13,0,0,0,bunny,
9,5.11,3.69,10.02,250.13,-24.32,-230.39,9.69,-1.76,1.24,35.63,7.27,0,5.15,0,0,0,bunny,
10,7.53,4.54,15.13,250.13,-60.11,-235.06,9.22,-1.76,1.38,33.63,5.73,0,5.16,0,0,0,bunny,
11,15.37,3.22,12.95,-172.18,-197.21,165.21,7.83,-2.16,1.26,20.79,-4.4,0,5.16,0,0,0,bunny,
12,8.87,-2.17,8.28,-248.64,-163.6,137.85,8.35,-2.39,1.52,21.98,-9.73,0,5.16,0,0,0,bunny,
13,4.4,-10.03,1.91,-200.02,-187.86,100.69,10.65,-1.57,1.37,8.19,-6.73,0,5.15,0,0,0,bunny,
14,4.92,-12.73,-0.49,-250.14,136.24,91.73,10.99,-1.13,1.49,5.27,-5.73,0,5.16,0,0,0,bunny,
15,-2.92,-13.04,-8.43,-250.14,-34.02,102.92,9.98,-1.41,1.21,-6.62,4.27,0,5.15,0,0,0,bunny,
16,-5.96,-10.27,-12.27,-225.71,-247.18,57.28,9.73,-1.39,1.09,-8.33,5.97,0,5.15,0,0,0,bunny,
17,-3.95,-9.38,-8.78,-108.85,-32.1,95.75,9.51,-1.31,1.05,-9.26,6.88,0,5.15,0,0,0,bunny,
18,-2.92,-10.25,-9.15,-46.29,-67.88,95.94,9.24,-1.12,0.8,-10.06,7.39,0,5.1,0,0,0,bunny,
19,-3.77,-6.25,-8.57,54.63,71.89,-34.8,9.02,-0.93,0.61,-18.82,12.86,0,5.15,0,0,0,bunny,
20,-5.39,-5.46,-7.82,86.24,120.08,-48.4,9.17,-0.86,1.35,-17.32,12.16,0,5.14,0,0,0,bunny,
21,-5.05,-5.74,-7.35,131.35,138.37,-59.69,9.34,-0.85,1.07,-20.11,11.78,0,5.11,0,0,0,bunny,
22,-3.26,-6.12,-6.81,241.12,159.31,-70.49,9.56,-0.94,1.1,-21.68,12.13,0,5.12,0,0,0,bunny,
23,-1.8,-5.55,-5.19,250.13,172.75,-122,9.58,-1.04,1.45,-22.34,11.13,0,5.16,0,0,0,bunny,
24,-0.87,-5.27,-1.86,250.13,209.97,-190.11,9.45,-1.21,1.32,-28.03,10.33,0,5.15,0,0,0,bunny,
25,-1.27,-2.14,2.16,250.13,200.59,-238.46,9.57,-1.17,1.56,-29.82,7.81,0,5.12,0,0,0,bunny,
26,0.38,5.28,5.44,250.13,189.45,-214.79,9.38,-1.72,2.01,-34.08,6.08,0,5.15,0,0,0,bunny,
27,4.09,9.18,12.62,250.13,-49.55,-178.85,9.2,-1.89,1.88,-35.97,4.63,0,5.15,0,0,0,bunny,
28,5.68,-0.35,7.8,-250.14,22.17,151.84,9.87,-1.9,2.41,-37.11,-13.82,0,5.16,0,0,0,bunny,
t,a,p,s,h,o,u,l,d,e,r,,,,,,,,
29,2.84,-0.18,5.95,-206.61,114.05,176.01,10.22,-1.47,2.47,-42.18,-7.26,0,5.15,0,0,0,tapshoulder,
0,1.21,-4.68,4.72,-187.81,71.08,140.82,9.91,-1.17,1.97,-50.45,-9.46,0,5.15,0,0,0,tapshoulder,
1,1.47,-7.85,3.46,-146.18,-39.31,116.32,9.9,-1.24,2.15,-63.53,-10.55,0,5.12,0,0,0,tapshoulder,
2,1.97,-6.84,3.2,-116.23,-86.44,91.31,10.42,-1.2,1.76,-64.29,-9.99,0,5.15,0,0,0,tapshoulder,
3,1.31,-4.4,3.11,-116.59,-86.56,49.6,10.17,-1.31,1.51,-61.69,-3.95,0,5.15,0,0,0,tapshoulder,
4,-3.44,-8.56,2.53,-129.27,-95.69,-157.76,9.28,-1.51,1.6,-84.43,-5.53,0,5.13,0,0,0,tapshoulder,
5,2.65,-8.59,0.31,-4.95,-61.85,87.76,9.75,-1.68,1.75,-93.89,0.85,0,5.15,0,0,0,tapshoulder,
6,2.51,-13.11,0.8,-112.09,41.18,50.69,9.18,-1.21,1.03,-91.86,-7.86,0,5.16,0,0,0,tapshoulder,
7,1.74,-12.91,-0.59,-64.44,79.66,48.33,9.65,-1.43,1.22,-98.56,-6.66,0,5.14,0,0,0,tapshoulder,
8,0.96,-12.7,1.22,-120.21,16.27,-3.42,9.04,-1.22,1.66,-127.95,-3.67,0,5.15,0,0,0,tapshoulder,
9,3.42,-15.5,1.9,-149.44,111.09,-11.67,9.01,-0.78,1.53,-123.39,-6.73,0,5.15,0,0,0,tapshoulder,
10,0.46,-12.21,1.3,-45.5,203.38,11.93,9.37,0.01,1.3,-142.52,3.16,0,5.16,0,0,0,tapshoulder,
11,3.97,-14.75,0.15,-152.69,142.97,-69.34,8.84,0.23,0.98,-148.49,0.66,0,5.15,0,0,0,tapshoulder,
12,5.27,-15.47,-1.77,-158.08,129.49,-59.01,8.57,0.4,1.14,-150.63,0.09,0,5.11,0,0,0,tapshoulder,
13,6.95,-13.99,-2.77,-196.74,210.66,-86.64,8.84,0.77,1.09,-159.03,11.7,0,5.15,0,0,0,tapshoulder,
14,4.92,-12.49,-5.93,-66.44,224.15,149.56,9.18,0.33,1.3,-151.33,18.58,0,5.15,0,0,0,tapshoulder,
15,4.21,-10.99,-5.56,-108.62,250.13,153.18,9.43,0.67,1.98,-154.96,25.91,0,5.15,0,0,0,tapshoulder,
16,3.5,-11.29,-7.7,-132.72,239.49,166.61,9.78,-0.31,1.69,-149.2,17.37,0,5.15,0,0,0,tapshoulder,
17,1.95,-10.47,-8.92,-110.45,210.08,167.82,9.69,-0.6,2.12,-151.34,20.89,0,5.14,0,0,0,tapshoulder,
18,2.66,-9.52,-6.65,-49.31,140.14,145.52,9.09,0.59,2.16,-143.21,18.12,0,5.15,0,0,0,tapshoulder,
19,2.9,-10.13,-6.3,-24.59,160.31,126.37,9.48,0.58,2.18,-141,23.77,0,5.13,0,0,0,tapshoulder,
20,1.88,-9.18,-4.5,3.54,134.08,106.08,9.08,0.68,2.12,-127.68,27.98,0,5.16,0,0,0,tapshoulder,
21,1.97,-8.58,-4.64,-3.67,135.86,114.75,8.81,0.59,2.17,-127.11,23.49,0,5.15,0,0,0,tapshoulder,
22,0.51,-7.78,-4.7,-20.66,187.86,85.82,10.51,-0.16,1.42,-127.54,5.47,0,5.16,0,0,0,tapshoulder,
23,0.11,-7.97,-4.97,-32.66,192.18,63.14,10.4,-0.59,1.95,-128.22,10.5,0,5.15,0,0,0,tapshoulder,
24,-0.47,-6.97,-5.07,-7.91,212.86,28.08,10.4,0.06,1.78,-122.18,18.34,0,5.15,0,0,0,tapshoulder,
25,-1.4,-6.42,-7.07,-63.07,163.18,9.37,10.37,0.23,1.54,-111.03,14.08,0,5.14,0,0,0,tapshoulder,
26,-0.5,-6.76,-8.12,38.98,102.01,29.51,9.87,0.24,1.61,-103.47,17.84,0,5.16,0,0,0,tapshoulder,
27,-0.21,-6.86,-9.31,87.63,199.92,-3.23,9.3,0.36,1.65,-101.52,19.11,0,5.15,0,0,0,tapshoulder,
28,1.08,-6.54,-5.58,157.76,211.18,-40.4,9.16,0.5,0.86,-85.72,5.21,0,5.12,0,0,0,tapshoulder,
29,1.27,-6.67,-5.85,249.84,199.69,-68.06,9.4,0.29,0.86,-80.44,8.09,0,5.16,0,0,0,tapshoulder,
0,-0.77,-1.79,2.66,250.13,138.21,-104.4,9.47,0.06,0.97,-78.55,8.4,0,5.14,0,0,0,tapshoulder,
1,0.76,5.31,4.62,250.13,191.85,-122.42,9.55,0.01,1.25,-70.97,6.27,0,5.14,0,0,0,tapshoulder,
2,5.88,13.23,9.15,250.13,78.66,-220.34,9.74,0.18,0.94,-63.21,3.8,0,5.14,0,0,0,tapshoulder,
3,14.77,9.14,16.66,250.13,-62.08,-247.38,9.45,0.24,0.93,-60.63,0.32,0,5.11,0,0,0,tapshoulder,
4,14.29,11.95,14.09,63.75,15.44,20.85,9.04,0.5,0.35,-50.69,-1.95,0,5.15,0,0,0,tapshoulder,
5,14.62,7.45,13.41,-250.14,-118.34,194.08,8.74,0.21,0.6,-52.61,-5.07,0,5.16,0,0,0,tapshoulder,
6,4.4,-4.09,3.95,-212.6,58.87,219.23,8.49,-1.03,-0.2,-34.27,-20.05,0,5.14,0,0,0,tapshoulder,
7,2.45,-7.15,1.85,-215.66,34.36,180.46,9.3,-0.46,0.06,-27.13,-15.69,0,5.14,0,0,0,tapshoulder,
8,-0.43,-12.43,-4.53,-250.14,-116.69,-20.97,10.26,-0.64,-0.02,-16.52,-12.99,0,5.12,0,0,0,tapshoulder,
9,0.21,-14.64,-5.05,-250.14,0.58,89.19,10.46,-0.88,-0.57,-9.03,-9.79,0,5.13,0,0,0,tapshoulder,
10,-4.51,-11.85,-9,-107.79,225.21,133.72,10.82,-0.88,-0.44,-9.67,-4.14,0,5.15,0,0,0,tapshoulder,
11,-2.63,-11.75,-14,-190.5,-34.21,97.12,10.23,-0.94,-0.52,-5.5,-3.43,0,5.14,0,0,0,tapshoulder,
12,-3.13,-10.97,-15.63,-100.82,130.02,-71.65,10.08,-0.77,0.01,2.32,3.16,0,5.15,0,0,0,tapshoulder,
13,-3.42,-9.28,-14.05,4.67,85.15,-49.53,9.56,-0.57,-0.3,5.74,2.69,0,5.13,0,0,0,tapshoulder,
14,3.25,-9.22,-11.37,238.73,237.61,-140.49,8.47,-1.36,0.16,8.35,7.03,0,5.15,0,0,0,tapshoulder,
15,3.26,-8.23,-7.99,235.11,197.29,-201.53,8.96,-1.1,0.36,5.24,5.01,0,5.13,0,0,0,tapshoulder,
16,0.01,1.43,3.29,250.13,31.37,-112.64,9.66,-0.81,-0.11,8.82,4.73,0,5.14,0,0,0,tapshoulder,
17,1.88,8.97,12.2,250.13,-146.54,-103.71,9.75,-0.49,-0.13,17.28,2.56,0,5.15,0,0,0,tapshoulder,
18,7.1,11.26,13.23,250.13,-156.03,-213.97,9.74,-0.06,0.1,23.66,2.73,0,5.14,0,0,0,tapshoulder,
19,12.38,8.05,14.22,122.7,-65.98,-122.02,9.11,-0.27,0.33,25.59,0.55,0,5.14,0,0,0,tapshoulder,
20,15.34,9.8,10.15,-74.1,-194.73,113.2,8.49,-0.62,0.41,29.55,-6.78,0,5.13,0,0,0,tapshoulder,
21,3.63,-1.75,2.54,-99.01,-1.89,185.19,9.4,-1.75,0.17,30.73,-6.17,0,5.14,0,0,0,tapshoulder,
22,3.99,-3.42,2.22,-17.18,-98.49,219.84,9.34,-0.77,0,35.95,-9.08,0,5.12,0,0,0,tapshoulder,
23,5.44,-6.18,0.51,-97.81,-153.4,153.81,9.77,-0.44,0.04,43.63,-19.76,0,5.09,0,0,0,tapshoulder,
24,6.02,-6.46,0.37,-119.24,-144.59,89.71,10.19,-0.59,0.01,43.06,-8.6,0,5.14,0,0,0,tapshoulder,
25,4.72,-11.07,-0.23,-146.34,-197.13,50.5,9.61,-1.48,-0.18,62.51,-13.34,0,5.14,0,0,0,tapshoulder,
26,3.2,-14.2,-3.59,-114.56,-233.34,52.07,10.24,-1.3,-0.37,64.17,-6.79,0,5.13,0,0,0,tapshoulder,
27,1.54,-12.43,-2.41,-107.47,-104.97,81.42,9.3,-1.28,0.33,59.99,-7.81,0,5.11,0,0,0,tapshoulder,
28,0.02,-11.64,-2.4,-151.45,-149.69,-15.5,9.77,-1.01,0.36,62.92,-15.87,0,5.13,0,0,0,tapshoulder,
29,-0.39,-9.37,-8.31,-0.34,-250.14,84.93,9.46,-2.07,-0.33,70.24,-11.2,0,5.14,0,0,0,tapshoulder,
0,-1.24,-9.71,-7.99,-78.34,-243.81,43.27,9.5,-1.89,0.11,73.46,-10.14,0,5.15,0,0,0,tapshoulder,
1,-2.65,-8.93,-9.23,-19.18,-122.59,49.05,10.25,-1.69,0.18,90.07,-5.15,0,5.15,0,0,0,tapshoulder,
2,-6.33,-6.81,-10.73,29.52,-159,27.08,10.33,-1.65,0.33,86.29,-5.72,0,5.14,0,0,0,tapshoulder,
3,-2.62,-11.75,-4.93,43.25,-250.14,-228,10.03,-1.87,0.77,96.37,-3.08,0,5.15,0,0,0,tapshoulder,
4,-1.48,-10.59,-1.35,108.95,-50.24,-250.14,9.52,-1.96,0.68,95.13,0.02,0,5.15,0,0,0,tapshoulder,
5,-1.64,-11.92,5.33,250.13,-89.04,-246.39,8.4,-2.94,0.96,90.56,-13.48,0,5.15,0,0,0,tapshoulder,
6,0.26,-6.73,6.71,250.13,-250.14,-189.27,8.99,-2.89,0.33,89.84,-7.19,0,5.14,0,0,0,tapshoulder,
7,4.78,-5.95,9.01,126.01,-250.14,-193.21,8.99,-2.87,0.34,79.18,1.59,0,5.14,0,0,0,tapshoulder,
8,7.89,-10.34,7.12,-19.11,-250.14,-170.51,9.31,-2.84,0.55,77.72,-6.73,0,5.15,0,0,0,tapshoulder,
9,9.66,-8.36,0.18,-16.6,-250.14,-188.59,10.49,-1.92,-0.25,57.95,-11.73,0,5.13,0,0,0,tapshoulder,
10,9.16,-6.7,-1.43,-27.84,-250.14,-129.11,10.97,-1.86,-0.11,47.98,-9.37,0,5.15,0,0,0,tapshoulder,
11,3.99,-3.35,-4.41,-44.53,-169.78,-14.4,9.47,-1.48,-0.07,38.16,-3.67,0,5.16,0,0,0,tapshoulder,
12,3.12,-3.82,-7.26,-67.29,-228.2,-21.11,9.04,-1.2,0.08,34.42,-3.12,0,5.12,0,0,0,tapshoulder,
13,3.83,-2.76,-10.28,5.18,-97.27,52.08,9.02,-1.03,0.06,19.16,6.49,0,5.15,0,0,0,tapshoulder,
14,2.18,-2.52,-14.58,-66.16,-28.79,37.21,9.27,-0.64,0.22,14.54,6.92,0,5.15,0,0,0,tapshoulder,
15,5.75,-5.28,-16.82,-54.69,-53.7,60.53,9.94,0.74,0.79,16,7.24,0,5.16,0,0,0,tapshoulder,
16,5.51,-5.98,-17.17,51.39,64.08,68.92,10.44,0.74,0.54,10.45,3.26,0,5.13,0,0,0,tapshoulder,
17,5.83,-6.03,-19.35,76.11,84.27,-48.74,9.32,1.08,0.81,-2.78,5.35,0,5.15,0,0,0,tapshoulder,
18,3.74,-6.37,-13.52,250.13,8.79,35.97,9.32,0.76,0.55,0.37,4.34,0,5.14,0,0,0,tapshoulder,
19,4.05,-3.57,-6.39,250.13,-69.99,24.63,9.74,0.3,0.54,-10.61,6.14,0,5.09,0,0,0,tapshoulder,
20,2.45,-1.57,-3.28,250.13,-58.88,-14.15,9.66,0.03,0.44,-9.86,4.16,0,5.15,0,0,0,tapshoulder,
21,3.15,1.49,3.79,250.13,-30.24,-96.06,9.6,0.23,0.29,-1.95,3.34,0,5.16,0,0,0,tapshoulder,
22,4.82,2.3,6.89,250.13,-13.06,-107.08,9.69,-0.18,0.41,-4.34,7.16,0,5.16,0,0,0,tapshoulder,
23,6.06,10.67,19.62,250.13,-18.68,-20.03,9.88,-1.32,0.26,-6.96,0.44,0,5.16,0,0,0,tapshoulder,
24,3.99,17.08,19.62,250.13,-77.33,4.26,9.49,-1.57,0.63,-7.05,1.24,0,5.14,0,0,0,tapshoulder,
25,6.11,3.8,17.35,-250.14,-124.24,140.94,9.58,-0.39,0.86,4.94,6.24,0,5.16,0,0,0,tapshoulder,
26,4.27,2.34,11.91,-250.14,-61.3,139.4,9.9,-0.03,0.46,5.95,6.6,0,5.14,0,0,0,tapshoulder,
27,2.47,1.39,9.05,-250.14,-113.92,-27.41,10.24,0.68,0.68,3.15,6.27,0,5.09,0,0,0,tapshoulder,
28,2.17,-1.77,6,-250.14,-199.14,0.68,10.02,-0.45,0.46,4.71,6.56,0,5.15,0,0,0,tapshoulder,
29,5.42,-2.91,4.98,-250.14,14.41,35.27,9.53,-0.72,0.65,9.55,5.01,0,5.16,0,0,0,tapshoulder,
0,4.43,-2.79,1.05,-250.14,170.44,56.75,10.02,-0.09,0.59,2.03,-2.53,0,5.1,0,0,0,tapshoulder,
1,3.62,-4.24,-0.56,-250.14,-6.67,19,9.94,0.23,0.26,-0.01,-1.99,0,5.15,0,0,0,tapshoulder,
2,4,-2.81,-5.73,-189.81,-169.44,78.93,9.65,0.27,0.47,-2.84,-13.41,0,5.15,0,0,0,tapshoulder,
3,3.67,-4.23,-8.82,-224.05,140.53,89.69,9.87,0.5,0,2.82,-6.63,0,5.15,0,0,0,tapshoulder,
4,5.4,-7.01,-11.57,-221.66,-10.54,95.92,9.32,0.28,0.03,14.57,-7.46,0,5.13,0,0,0,tapshoulder,
5,3.18,-4.9,-13,-42.18,51.39,85.02,8.38,-0.15,1.87,18.31,-14.45,0,5.15,0,0,0,tapshoulder,
6,6.13,-8.34,-19.62,-17.11,136.29,42.75,9.64,-2.27,0.6,0.73,-7.9,0,5.15,0,0,0,tapshoulder,
7,5.57,-8.02,-17.41,-10.82,30.74,14.3,9.7,-1.73,0.31,-1.11,-10.81,0,5.15,0,0,0,tapshoulder,
8,1.77,-5.89,-19.61,95.08,-133.89,-33.57,8.96,-2.28,0.5,0.93,-5.05,0,5.11,0,0,0,tapshoulder,
9,3.14,-6.07,-16.59,199.53,-91.98,-35.4,8.83,-2.29,0.33,-1.3,-7.15,0,5.15,0,0,0,tapshoulder,
10,3.27,-6.18,-11.91,243.18,-121.4,-101.46,8.94,-3.3,-0.81,-11.03,2.16,0,5.11,0,0,0,tapshoulder,
11,2.35,-3.83,-9.73,250.13,43.95,-49.01,9.71,-2.63,0.05,-13.17,-1.57,0,5.13,0,0,0,tapshoulder,
12,4.87,-1.73,-0.27,250.13,15.26,-72.63,10.62,-1.4,-0.04,-12.8,8.45,0,5.15,0,0,0,tapshoulder,
13,4.54,-1.05,2.43,250.13,59.55,-97.06,9.61,-0.02,0.24,-9.27,9.03,0,5.14,0,0,0,tapshoulder,
14,4.01,0.94,7.1,250.13,47.63,-132.01,9.27,-0.09,0.14,-0.94,0.82,0,5.15,0,0,0,tapshoulder,
15,4.08,1.85,9.66,250.13,-9.74,-121.06,9.34,-0.33,0.33,-1.35,1.7,0,5.15,0,0,0,tapshoulder,
16,8.6,12.48,19.62,234.59,-33.13,-77.06,9.56,-1,0.03,-5.85,2.6,0,5.15,0,0,0,tapshoulder,
17,8.67,14.03,19.62,203.22,7.23,-44.56,9.21,-1.06,0.09,-7.83,6.19,0,5.14,0,0,0,tapshoulder,
18,8.91,4.8,18.91,-135.42,-72.47,97.12,9.7,0.1,0.25,-1.02,-0.95,0,5.16,0,0,0,tapshoulder,
19,8.25,2.18,13.9,-250.14,-75.05,140.12,10.48,0.62,-0.28,2.36,0.08,0,5.15,0,0,0,tapshoulder,
20,5.53,-1.23,6.65,-250.14,-22.81,91.05,9.24,-0.14,0.24,5.72,-0.92,0,5.15,0,0,0,tapshoulder,
21,5.21,-2.25,5.74,-250.14,27.97,64.07,9.28,-0.86,0.11,6.01,-1.82,0,5.16,0,0,0,tapshoulder,
22,5.02,-2.97,3.69,-250.14,22.18,57.79,9.75,0.24,0.11,5.76,2.67,0,5.15,0,0,0,tapshoulder,
23,5.14,-2.57,2.68,-250.14,-0.72,67.22,9.7,-0.05,0.24,8.61,1.81,0,5.16,0,0,0,tapshoulder,
24,5.27,-2.67,1.44,-250.14,-4.71,64.5,9.65,-0.05,0.32,8.18,-1.36,0,5.12,0,0,0,tapshoulder,
25,4.47,-3,0.47,-250.14,-2.66,63.29,9.8,0.09,0.19,8.61,0.16,0,5.15,0,0,0,tapshoulder,
26,2.45,-4.62,-8.54,-250.14,18.85,82.27,9.4,0.88,-0.4,12.69,5.82,0,5.16,0,0,0,tapshoulder,
27,4.85,-5.23,-9.76,-250.14,-7.05,70.17,9.26,0.48,0.24,5.88,7.14,0,5.15,0,0,0,tapshoulder,
28,3.42,-1.93,-19.62,-230.34,199.19,26.1,10.15,-0.4,0.41,8.77,-1.92,0,5.16,0,0,0,tapshoulder,
29,4.69,-5.27,-19.62,-240.3,139.94,9.16,10.23,-0.5,1.16,-2.1,1.55,0,5.14,0,0,0,tapshoulder,
0,5.07,-8.37,-13.17,250.13,74.21,109.61,9.15,0.49,0.19,-4.35,5.18,0,5.16,0,0,0,tapshoulder,
1,3.19,-6.44,-13.57,-20.64,-146.29,-44.73,9.5,0.23,0.27,-0.03,3.54,0,5.15,0,0,0,tapshoulder,
2,6.16,-7.45,-11.74,17.13,31.83,-52.82,9.55,-0.25,0.36,-4.28,5.66,0,5.15,0,0,0,tapshoulder,
3,5.27,-6.3,-13.09,-44.5,75.82,-77.18,9.67,-0.17,0.18,-5.4,5.73,0,5.15,0,0,0,tapshoulder,
4,6.38,-6.65,-16.14,91.85,-62.59,-9.37,9.7,0.34,0.35,-5.98,7.73,0,5.12,0,0,0,tapshoulder,
5,7.11,-5.84,-14.41,250.13,-19.66,50.98,9.86,0.79,0.18,-4.99,10.4,0,5.15,0,0,0,tapshoulder,
6,4,-3.02,-4.9,250.13,-59.24,-48.38,9.51,0.11,0.48,-6.88,3.23,0,5.16,0,0,0,tapshoulder,
7,5.32,-2.87,-1.62,250.13,-33.06,-54.82,9.69,0.02,0.3,-7.83,6.99,0,5.16,0,0,0,tapshoulder,
8,2.81,0.59,2.21,250.13,24.2,-59.98,9.52,-0.6,0.26,-9.37,5.99,0,5.15,0,0,0,tapshoulder,
9,3.51,1.73,4.57,250.13,24.42,-93.61,9.4,-0.62,0.4,-8.9,5.15,0,5.15,0,0,0,tapshoulder,
10,3.47,6.52,13.29,250.13,57.25,-62.76,9.45,-0.92,0.4,-10.29,1.93,0,5.15,0,0,0,tapshoulder,
11,4.24,10.65,19.62,250.13,0.76,-58.31,9.47,-1.24,0.69,-17.41,3.91,0,5.16,0,0,0,tapshoulder,
12,9.13,10.84,19.62,-53.66,-229.72,32.79,9.76,-1.62,0.41,-20.67,10.74,0,5.15,0,0,0,tapshoulder,
13,8.49,5.93,16.05,-250.14,-221.45,95.99,9.46,-1.18,0.74,-15.89,12.34,0,5.16,0,0,0,tapshoulder,
14,8.43,1.46,9.75,-250.14,-197.83,114.13,9.76,-0.2,1.08,-12.64,12.22,0,5.12,0,0,0,tapshoulder,
15,7.85,0.28,7.93,-250.14,70.16,183.78,9.72,-0.56,0.61,-8.6,1.62,0,5.15,0,0,0,tapshoulder,
16,6.3,-4.29,4.52,-231.09,26.93,99.45,9.42,-1.3,0.86,-8.05,4.2,0,5.16,0,0,0,tapshoulder,
17,5.01,-4.05,3.57,-250.14,-75.54,46.38,9.61,-1.3,0.7,-7.11,1.17,0,5.15,0,0,0,tapshoulder,
18,5.2,-5.48,3.9,-250.14,-5.35,106.59,9.71,-1.09,0.59,-6.71,3.92,0,5.15,0,0,0,tapshoulder,
19,5.5,-4.09,2.11,-250.14,-56.52,106.6,9.62,-1.1,0.6,-7.55,4.85,0,5.13,0,0,0,tapshoulder,
20,5.5,-4.19,1.11,-250.14,27.16,107.66,9.74,-1.01,0.77,-5.72,1.42,0,5.14,0,0,0,tapshoulder,
21,2.26,-5.02,-5.31,-250.14,13.16,72.47,9.82,-0.73,0.71,-4.15,1.18,0,5.14,0,0,0,tapshoulder,
22,3.2,-5.11,-5.99,-235.99,-37.19,82.59,9.63,-0.79,0.74,-9.4,0.01,0,5.14,0,0,0,tapshoulder,
23,4.97,-4.82,-6.32,-214.4,-44.56,82.57,9.44,-0.54,0.31,-9.32,-0.85,0,5.11,0,0,0,tapshoulder,
24,2.53,-3.41,-11.45,-178.76,81.56,77.18,9.23,-0.11,0.09,-4.34,3.87,0,5.15,0,0,0,tapshoulder,
25,4.36,-6.83,-19.62,8.24,-14.21,67.25,10.06,-1.15,0.34,-12.66,-3.73,0,5.15,0,0,0,tapshoulder,
26,1.72,-6.05,-19.62,104.63,-11.89,8.77,9.34,-2.3,0.5,-9.81,-9.01,0,5.12,0,0,0,tapshoulder,
27,3.25,-6.39,-16.56,150.08,12.82,-43.01,9.71,-1.3,0.59,-4.18,-5.33,0,5.15,0,0,0,tapshoulder,
28,3.6,-5.17,-15.38,219.15,7.97,-68.56,9.33,-1.6,0.43,-11.08,-2.8,0,5.15,0,0,0,tapshoulder,
29,4.64,-4.79,-7.88,250.13,-74.84,-94.4,9.24,-2.19,0.27,-8.35,-6.84,0,5.15,0,0,0,tapshoulder,
0,5.43,-5.36,-5.17,250.13,31.19,-59.53,9.29,-2.31,0.33,-11.36,-5.56,0,5.16,0,0,0,tapshoulder,
1,2.24,-2.62,0.05,250.13,37.5,-48.49,9.45,-2.91,0.07,-12.03,-6.34,0,5.11,0,0,0,tapshoulder,
2,3.91,-1,3.32,250.13,10.39,-56.75,9.44,-2.72,0.12,-9.33,-4.46,0,5.15,0,0,0,tapshoulder,
3,5.13,1.19,13.52,250.13,45.31,-80.06,8.92,-2.94,0.43,-6.53,-3.02,0,5.16,0,0,0,tapshoulder,
4,5.14,3.22,18.48,250.13,3.87,-44.29,8.91,-3.18,0.72,-8.76,-6.24,0,5.16,0,0,0,tapshoulder,
5,7.71,6.62,19.62,56.31,-77.87,43.37,8.62,-3.31,0.17,-1.11,0.57,0,5.16,0,0,0,tapshoulder,
6,5.25,3.08,19.62,-184.53,-42.89,81.22,9.08,-2.91,0.39,6.44,-1.9,0,5.12,0,0,0,tapshoulder,
7,4.06,-1.77,7.3,-250.14,-76.89,26.64,9.49,-2.08,0.15,10.21,7.87,0,5.16,0,0,0,tapshoulder,
8,4.26,-3.72,6.03,-250.14,28.38,46.2,9.31,-2.48,0.38,7.92,6,0,5.15,0,0,0,tapshoulder,
9,4.98,-4.38,2.59,-250.14,98.98,69.15,9.36,-2.14,0.49,4.07,6.34,0,5.15,0,0,0,tapshoulder,
10,4.55,-4.4,1.71,-250.14,-9.42,35.44,9.25,-1.99,0.4,4.43,7.72,0,5.15,0,0,0,tapshoulder,
r,o,c,k,e,t,,,,,,,,,,,,,
11,2.65,-4.02,-4.55,-250.14,69.25,59.92,9.25,-1.03,-0.19,8.63,11.01,0,5.15,0,0,0,rocket,
12,1.98,-5.13,-8.14,-249,-24.34,71.47,9.22,-0.53,-0.61,16.2,15.76,0,5.15,0,0,0,rocket,
13,2.78,-6.11,-13.07,-168.85,-114.06,104.97,9.2,-1.97,2.22,9.09,14.84,0,5.16,0,0,0,rocket,
14,3.67,-5.98,-17.17,-81.3,-100.7,110.4,10.15,-1.6,1.98,6.63,0.74,0,5.13,0,0,0,rocket,
15,1.98,-4.64,-19.62,8.18,4.57,118.46,10.03,-2.58,1.02,-10.98,0.47,0,5.15,0,0,0,rocket,
16,-1.04,-6.32,-17.07,250.13,-64.49,-72.24,9.37,-1.26,0.65,3.03,4.97,0,5.16,0,0,0,rocket,
17,-1.53,-6.52,-14.31,250.13,-87.48,-130.82,9.08,-1.85,0.77,5.74,0.68,0,5.15,0,0,0,rocket,
18,2.41,-5.41,-5.64,250.13,-17.48,-193.85,9.53,-2.33,0.66,1.4,-0.18,0,5.15,0,0,0,rocket,
19,3.82,-4.77,-1.75,250.13,-89.54,-207.77,9.45,-2.65,0.47,0.49,-1.22,0,5.14,0,0,0,rocket,
20,5.47,2.53,7.11,250.13,50.47,-183.55,9.51,-2.42,0.45,2.24,2.05,0,5.15,0,0,0,rocket,
21,7.2,5.46,12.84,250.13,35.56,-186.11,9.28,-2.34,0.91,-1.5,2.47,0,5.16,0,0,0,rocket,
22,10.38,19.62,19.62,181,-64.31,-80.46,9.39,-3.27,0.44,-8.36,0.79,0,5.14,0,0,0,rocket,
23,9.92,12.77,19.62,-38.42,-156.98,48.52,9.43,-2.94,1.22,-5.38,2.95,0,5.16,0,0,0,rocket,
24,8.59,2.92,10.8,-250.14,-137.08,244.99,9.42,-1.6,0.72,10.32,3.37,0,5.16,0,0,0,rocket,
25,8.9,0.88,7.19,-250.14,33.07,230.57,8.96,-1.24,0.76,6.83,1.86,0,5.15,0,0,0,rocket,
26,2.31,-3.47,3.25,-250.14,20.14,74.69,9.74,-1.77,0.73,8.37,1.2,0,5.16,0,0,0,rocket,
27,3.1,-3.96,2.18,-250.14,-39.17,23.19,9.57,-1.59,0.86,10.07,-1.32,0,5.12,0,0,0,rocket,
28,5.91,-4.35,0.59,-250.14,-7.94,45.82,9.54,-1.09,0.74,10.17,4.66,0,5.16,0,0,0,rocket,
29,5.14,-4.46,-0.45,-250.14,36.84,67.07,9.28,-1.08,0.79,9.3,4.6,0,5.16,0,0,0,rocket,
0,4.81,-4.44,-2.63,-250.14,20.09,86.11,9.15,-0.35,0.53,10.13,6.46,0,5.15,0,0,0,rocket,
1,4.28,-4.44,-3.67,-250.14,-7.92,85.53,9.36,-0.36,0.8,11.1,4.39,0,5.17,0,0,0,rocket,
2,4.59,-5.3,-13.03,-201.11,-75.52,138.43,9.35,-0.03,0.81,15.15,8.12,0,5.17,0,0,0,rocket,
3,4.63,-4.88,-13.71,-122.56,-43.08,143.77,9.47,0.71,1.71,4.11,0.12,0,5.16,0,0,0,rocket,
4,1.92,-8.32,-19.62,-46.46,39.98,49.32,9.84,-0.67,1.3,8.94,0.82,0,5.17,0,0,0,rocket,
5,2.73,-8.6,-19.27,40.76,-26.84,5.11,9.56,-0.04,1.13,6.47,-1.68,0,5.17,0,0,0,rocket,
6,2.7,-7.29,-16.12,118.35,-14.31,-69.19,9.34,0.18,0.82,2.44,-2.79,0,5.16,0,0,0,rocket,
7,2.4,-5.99,-15.75,166.76,20.73,-107.24,9.19,-0.08,1.02,0.19,-0.72,0,5.17,0,0,0,rocket,
8,5.04,-6.39,-7.08,250.13,-0.86,-33.92,9.67,-0.1,0.88,-0.89,3.45,0,5.16,0,0,0,rocket,
9,4.07,-4.64,-5.56,250.13,9.61,-44.56,9.47,-0.26,0.98,0.33,1.66,0,5.16,0,0,0,rocket,
10,4.76,-6.05,-1.95,250.13,24.75,-74.82,9.52,-2.65,0.61,-4.5,-0.53,0,5.14,0,0,0,rocket,
11,4.33,-5.22,-0.46,250.13,1.17,-41.58,9.25,-2.44,0.44,-6.75,1.02,0,5.16,0,0,0,rocket,
12,3.11,-2.41,0.27,250.13,14.37,-82.45,9.29,-2.6,0.43,-6.66,0.18,0,5.11,0,0,0,rocket,
13,4.72,-3.22,2.66,250.13,-69.62,-103.86,9.27,-2.7,0.75,-6.48,0.31,0,5.14,0,0,0,rocket,
14,5.13,0.55,10.16,250.13,-11.3,-75.54,8.94,-2.83,0.71,-7.06,0.63,0,5.15,0,0,0,rocket,
15,6.44,1.75,12.85,246.93,-4.99,-62.42,8.87,-3.02,0.76,-6.91,-2.11,0,5.15,0,0,0,rocket,
16,8.55,7.94,19.62,79.19,-213.69,-21.42,9.04,-3.33,0.68,-10.55,1.3,0,5.11,0,0,0,rocket,
17,3.1,14.41,15.43,-94.03,-143.39,-45.9,8.97,-3.3,0.76,-1.4,-3.16,0,5.14,0,0,0,rocket,
18,10.49,2.2,15.58,-145.91,-42.42,64.29,9.18,-2.6,0.13,4.36,-1.58,0,5.1,0,0,0,rocket,
19,9.03,1.96,12.69,-225.11,41.55,137.4,9.06,-2.12,0.47,5.09,-0.89,0,5.16,0,0,0,rocket,
20,5.53,-3.38,5.42,-250.14,39.12,74.03,10.09,-2.4,0.25,10.88,-0.68,0,5.15,0,0,0,rocket,
21,5.44,-4.17,3.7,-250.14,-24.87,61.18,9.75,-2.46,0.56,7.11,-0.53,0,5.15,0,0,0,rocket,
22,4.93,-4.76,2.78,-250.14,-9.84,74.02,9.14,-2.57,0.91,5.75,-1.67,0,5.1,0,0,0,rocket,
23,5.3,-5.18,1.68,-250.14,5.9,71.76,9.01,-2.55,0.58,3.91,-4.03,0,5.14,0,0,0,rocket,
24,3.5,-6.14,-3.8,-242.73,-10.95,85.91,9.19,-2.04,0.26,2.54,-1.08,0,5.15,0,0,0,rocket,
25,4.08,-6.4,-4.3,-208.47,-38.71,96.7,8.9,-2,0.22,2.79,1.66,0,5.14,0,0,0,rocket,
26,1.29,-6.76,-10.81,-127.05,36.36,58.47,9.33,-1.54,0.46,6.41,2.99,0,5.15,0,0,0,rocket,
27,3.24,-6.92,-11.87,-130.95,-3.59,41.13,9.26,-1.76,0.83,5.02,2.02,0,5.15,0,0,0,rocket,
28,2.55,-7.02,-14.34,-127.7,1.13,11.43,9.43,-2.36,0.78,4.02,0.35,0,5.09,0,0,0,rocket,
29,1.81,-7.41,-16.08,-118.83,104.02,-26.81,9.5,-2.62,0.39,1.35,2.82,0,5.15,0,0,0,rocket,
0,0.57,-7.05,-17.44,-121.87,63.19,-47.99,9.61,-2.23,0.65,3.07,3.84,0,5.15,0,0,0,rocket,
1,5.93,-8.52,-10.54,160.29,14.21,-68.5,9.58,-0.72,0.97,0.68,6.85,0,5.15,0,0,0,rocket,
2,4.53,-7.79,-10.66,211.32,107,-35.85,9.42,-1.81,0.34,6.26,3.25,0,5.15,0,0,0,rocket,
3,5.22,-8.64,-6.11,250.13,-21.67,-17.44,9.83,-1.31,0.72,5.43,-1.78,0,5.08,0,0,0,rocket,
4,4.28,-7.73,-5.66,250.13,-49.27,-35.69,9.75,-1.59,0.16,4.31,1.5,0,5.14,0,0,0,rocket,
5,2.59,-6.77,-4.47,250.13,-28.08,-43.72,9.39,-1.67,0.81,4.85,2.35,0,5.15,0,0,0,rocket,
6,3.98,-5.79,-1.43,250.13,-65.49,-62.97,9.37,-1.46,0.61,3.5,0.88,0,5.1,0,0,0,rocket,
7,4.64,-2.98,4.38,250.13,59.6,-143.62,9.45,-2.15,0.8,-2.31,4.71,0,5.16,0,0,0,rocket,
8,5.51,-2.94,7.82,250.13,38.14,-139.81,9.09,-2.48,1.1,-7.37,1.85,0,5.15,0,0,0,rocket,
9,-1.53,1.14,15.98,172.12,-45.92,-33.91,9.51,-1.24,0.33,1.84,2.01,0,5.16,0,0,0,rocket,
10,-0.04,5.26,17.91,177.97,-220.63,-1.52,10.18,-1.08,0.41,4.84,2.63,0,5.16,0,0,0,rocket,
11,6.51,6.08,15.91,141.2,-250.14,2.32,10.71,-1.32,-0.16,-5.31,21.43,0,5.1,0,0,0,rocket,
12,13.83,2.15,8.91,10.28,-250.14,2.36,9.38,-1.17,1.39,4.41,20.11,0,5.15,0,0,0,rocket,
13,14.53,-4.08,0.19,11.64,-79.42,40.9,9.91,0.78,0.39,18.29,18.47,0,5.16,0,0,0,rocket,
14,14.62,-4.47,1.19,78.29,-4.05,19.11,8.38,-0.26,2.3,7.1,8.33,0,5.15,0,0,0,rocket,
15,7.29,-6.95,3.47,100.21,-82.5,45.44,9.37,-0.45,0.24,33.17,-11.72,0,5.16,0,0,0,rocket,
16,8.74,-4.96,5.36,95.88,-176.2,64.8,10.35,-0.46,-0.23,29.08,2.7,0,5.15,0,0,0,rocket,
17,12.58,-4.87,5.63,-38.35,83.55,0.44,8.97,0.06,1.08,25.66,-10.17,0,5.15,0,0,0,rocket,
18,9.72,-5.34,4.38,-92.02,104.53,19.98,9.13,0.29,0.59,25.66,-10.12,0,5.16,0,0,0,rocket,
19,11.5,-5.51,3.84,-100.44,101.8,19.37,9.86,0.49,1.17,30.84,-6.78,0,5.16,0,0,0,rocket,
20,11.42,-4.64,4.39,-125.32,155.1,34.04,9.62,0.86,0.86,33.66,-4.92,0,5.15,0,0,0,rocket,
21,11.31,-4.66,6.25,-151.12,203.23,36.42,9.65,0.55,0.72,35.16,-6.34,0,5.15,0,0,0,rocket,
22,12.35,-5.69,8.56,-107.28,233.82,34.75,10.28,0.37,1,33.17,-4.16,0,5.15,0,0,0,rocket,
23,10.83,-6.08,10.3,-77.52,250.13,33.66,10.64,0.48,1.17,29.89,-2.97,0,5.16,0,0,0,rocket,
24,4.91,-6.04,13.56,-127.67,250.13,120.62,9.62,0.63,0.68,30.76,2.38,0,5.16,0,0,0,rocket,
25,-0.17,-6.97,12.08,-125.45,250.13,117.88,9.45,0.66,0.86,31.94,0.95,0,5.15,0,0,0,rocket,
26,-6.84,-4.97,10.51,-119.09,250.13,-50.77,9.52,0.44,0.65,28.43,3.63,0,5.16,0,0,0,rocket,
27,-8.11,-5.39,11.02,-62.76,199.85,-76.04,9.49,0.36,0.96,25.27,5.29,0,5.11,0,0,0,rocket,
28,-2.97,-3.07,10.74,-73.66,250.13,-243.35,9.2,0.2,0.99,16.18,6.37,0,5.16,0,0,0,rocket,
29,-0.22,-1.15,9.27,-117.41,224.44,-250.14,9.41,0.22,0.8,16.95,-1.53,0,5.15,0,0,0,rocket,
0,0.37,-0.03,9.89,-57.43,235.05,-250.14,9.62,0.2,0.74,1.02,5.5,0,5.16,0,0,0,rocket,
1,0.63,1.87,9.11,-66.31,244.6,-250.14,9.65,0.59,0.93,4.11,-1.22,0,5.15,0,0,0,rocket,
2,5.63,10.48,8.05,-72.78,50.73,-250.14,9.54,1.06,1.11,13.45,-1.23,0,5.16,0,0,0,rocket,
3,10.72,9.41,7.67,-128.6,-31.86,-250.14,9.24,0.31,0.25,4.28,-6.14,0,5.14,0,0,0,rocket,
4,11.98,2.34,3.05,-149.93,-10.62,-250.14,8.96,-0.69,0.76,4.38,-8.21,0,5.16,0,0,0,rocket,
5,11.76,0.98,0.87,-158.71,-6.02,-234.25,8.88,-1.38,0.5,4.65,-10.21,0,5.15,0,0,0,rocket,
6,11.37,-3.06,0.24,-11.74,29.19,-58.69,10.01,-1.33,0.83,-7.56,-7.59,0,5.16,0,0,0,rocket,
7,10.11,-3.49,0.68,39.6,31.23,-39.12,10.36,-1.01,0.64,-12.76,-4.97,0,5.15,0,0,0,rocket,
8,7.91,-3.19,3.24,34.38,19.23,-37.53,9.58,-0.55,0.75,-24.65,-1.09,0,5.16,0,0,0,rocket,
9,7.55,-2.94,2.97,37.19,32.09,-74.89,9.69,-0.23,0.49,-23.44,-1.54,0,5.16,0,0,0,rocket,
10,7.83,-0.67,0.56,60.81,-6.44,-106.53,9.4,-0.23,0.65,-26.94,2.38,0,5.15,0,0,0,rocket,
11,8.73,-0.57,-0.12,126.6,97.85,-91.15,9.26,-0.37,0.61,-22.76,-4.75,0,5.16,0,0,0,rocket,
12,7.09,4.78,-0.64,212.69,205.7,-76.93,9.58,-0.44,0.66,-21.25,-5.44,0,5.16,0,0,0,rocket,
13,7.65,2.71,1.52,250.13,216.84,-30.83,9.65,-0.43,0.5,-25.28,-7.45,0,5.14,0,0,0,rocket,
14,5.19,8.42,3.06,250.13,53.98,92.05,9.68,-0.23,0.49,-26.74,-10.92,0,5.16,0,0,0,rocket,
15,5.38,4.62,5.69,235.98,116,14.18,9.69,-0.22,0.2,-28.91,-9.95,0,5.15,0,0,0,rocket,
16,4.57,6.83,7,250.13,25.44,39.29,9.94,-0.63,-0.24,-31.41,-6.16,0,5.13,0,0,0,rocket,
17,4.09,7.33,6.53,181.95,-21.64,-1.79,10.16,-0.07,-0.01,-27.1,-1.82,0,5.15,0,0,0,rocket,
18,8.16,2.67,11.28,211.18,-35.39,-2.54,9.61,-0.27,0.48,-15.87,-1.82,0,5.16,0,0,0,rocket,
19,8,5.61,10.72,250.13,47.79,-63.39,9.49,-0.93,0.14,-16.1,0.53,0,5.15,0,0,0,rocket,
20,0.63,6.94,6.83,67.32,-141.56,62.05,9.84,-0.42,0.32,-6.63,5.21,0,5.13,0,0,0,rocket,
21,8.55,8.52,7.22,-27.15,-153.66,-58.29,9.67,-0.66,0.59,-7.85,2.63,0,5.16,0,0,0,rocket,
22,5.41,6.2,5.45,112.96,-250.14,-22.85,9.09,-0.89,0.06,-0.82,0.66,0,5.15,0,0,0,rocket,
23,8.47,7.98,4.32,2.79,-235.75,102.27,9.21,-1.4,0.4,-17.7,5.89,0,5.16,0,0,0,rocket,
24,6.73,10.8,3,100.85,-161.37,-110.83,9.38,-1.13,0.56,-13.7,-1.09,0,5.15,0,0,0,rocket,
25,9.29,10.04,5.33,97.84,-11.16,-118.7,9.53,-1.13,0.2,-14.03,2.97,0,5.14,0,0,0,rocket,
26,9.59,11.98,5.47,63.69,2.92,-92.82,9.54,-0.88,0.37,-23.63,9.97,0,5.15,0,0,0,rocket,
27,8.03,10.1,5.47,65,43.31,-123.3,9.48,-1.24,0.58,-14.39,1.73,0,5.16,0,0,0,rocket,
28,7.6,9.59,5.2,68.53,-2.23,-89.61,9.5,-1.3,0.35,-11.26,-4.34,0,5.15,0,0,0,rocket,
29,8.56,11.12,5.41,52,-21.21,-81.16,9.62,-1.25,-0.12,-19.5,-0.99,0,5.15,0,0,0,rocket,
0,8.57,10.47,4.98,49.64,5.54,-77.4,9.52,-1.06,0.18,-12.56,-5.6,0,5.14,0,0,0,rocket,
1,8.3,9.76,4.63,55.44,53.16,-70.89,9.46,-0.73,0.08,-5.52,-1.35,0,5.11,0,0,0,rocket,
2,7.49,9.64,4.2,47.14,79.43,-57.76,9.64,-0.46,0.32,-0.71,-2.83,0,5.16,0,0,0,rocket,
3,6.42,9.72,3.75,25.37,37.76,-3.23,9.66,-0.77,0.27,10.9,-0.62,0,5.15,0,0,0,rocket,
4,6.7,9.42,2.99,9.76,31.76,-43.24,9.76,-0.67,0.24,14.23,6.12,0,5.15,0,0,0,rocket,
5,7.64,8.49,2.32,-47.47,11.77,32.79,9.8,-0.84,0.58,17.99,-0.88,0,5.15,0,0,0,rocket,
6,8.58,8.9,1.66,-52.45,34.72,66.92,9.61,-1,0.38,15.33,-0.47,0,5.11,0,0,0,rocket,
7,9.84,9.55,0.12,-11.67,155.63,104.02,9.7,-1.41,0.15,13.93,-4.47,0,5.15,0,0,0,rocket,
8,10.74,9.12,1.03,-7.24,133.42,148.58,9.64,-1.37,0.11,13.62,-4.84,0,5.16,0,0,0,rocket,
9,11.93,10.07,2.06,1.94,32.68,200.23,9.93,-0.44,-0.42,18.27,-3.88,0,5.16,0,0,0,rocket,
10,14.08,10.95,2.6,-9.44,5.23,239.93,9.68,-0.55,-0.08,8.92,-6.09,0,5.15,0,0,0,rocket,
11,14.89,10.29,3.7,-2.21,22.03,250.13,9.41,-0.38,0.28,16.15,-13.7,0,5.11,0,0,0,rocket,
12,14.78,9.51,4.28,13.83,52.61,250.13,9.36,-0.27,-0.16,21.98,-12.21,0,5.16,0,0,0,rocket,
13,14.98,8.25,6.53,10.23,62.54,250.13,10,-1.14,-0.56,-1.23,-4.48,0,5.15,0,0,0,rocket,
14,14.87,8.17,6.65,17.85,89.13,250.13,10.02,-0.78,-0.07,-7.31,0.21,0,5.1,0,0,0,rocket,
15,13.47,6.48,6.56,-16.5,142.86,250.13,10.19,0.19,0.52,-2.46,4.99,0,5.16,0,0,0,rocket,
16,11.96,6.14,5.89,-80.51,82.34,250.13,9.94,-0.05,0.2,-0.02,7.21,0,5.15,0,0,0,rocket,
17,5.85,5.39,5.45,-64.11,78.41,250.13,9.7,0.07,0.25,1.98,9.74,0,5.11,0,0,0,rocket,
18,8.62,0.97,5.36,-7.19,120.5,250.13,9.62,0.28,0.25,2.24,10.5,0,5.15,0,0,0,rocket,
19,3.48,-0.84,6.01,-75.74,250.13,226.56,9.48,-0.02,0.61,-6.61,16.56,0,5.16,0,0,0,rocket,
20,0.65,-1.87,6.82,-61.45,250.13,206.15,9.71,0.07,0.3,0.89,6.04,0,5.15,0,0,0,rocket,
21,-4.14,-1.08,7.82,-115.09,250.13,61.53,9.75,0.11,0.3,-3.65,6.29,0,5.13,0,0,0,rocket,
22,-3.94,-2.08,7.47,-146.78,250.13,-18.21,9.65,-0.18,0.19,-3.04,6.08,0,5.14,0,0,0,rocket,
23,-7.17,0.63,7.12,-121.16,250.13,-93.48,9.44,-0.39,0.36,2.76,-1.24,0,5.16,0,0,0,rocket,
24,-7,2.54,6.25,-152.71,189.41,-157.36,9.17,-0.56,0.09,0.82,-3.01,0,5.15,0,0,0,rocket,
25,-4.61,2.56,4.77,-182.64,115.49,-214.07,9.17,-0.96,-0.33,-7.05,-0.28,0,5.15,0,0,0,rocket,
26,-0.3,1.78,3.91,-189.87,121.89,-250.14,9.37,-0.98,0,-1.86,-3.1,0,5.12,0,0,0,rocket,
27,0.3,1.79,4.72,-161.76,142.08,-250.14,9.59,-0.99,0.22,6.19,-4.02,0,5.14,0,0,0,rocket,
28,6.02,5.96,2.52,-104.28,22.53,-250.14,10,-1.02,0.86,3.79,3.02,0,5.15,0,0,0,rocket,
29,9.79,4.62,3.17,-128.4,-53.88,-250.14,9.97,-1.08,0.28,13.87,0.47,0,5.15,0,0,0,rocket,
0,16.18,-1.13,3.28,-89.51,98.82,-250.14,9.66,-1.44,0.65,4.41,3.78,0,5.16,0,0,0,rocket,
1,14.46,-0.83,1.84,-68.03,108.38,-183.05,9.48,-1.59,0.8,4.78,1.18,0,5.16,0,0,0,rocket,
2,12.13,-4.77,2.88,-77.28,50.15,-75.48,9.28,-1.29,0.46,-5.23,-1.53,0,5.15,0,0,0,rocket,
3,10.5,-4.1,1.87,-79.34,-30.89,-72.5,9.65,-1.33,0.43,-7.11,-2.95,0,5.15,0,0,0,rocket,
4,7.23,-3.73,0.59,-21.87,-160.05,-61.35,9.29,-1.23,0.11,-11.19,-3.66,0,5.15,0,0,0,rocket,
5,15.53,-7.45,1.37,90.58,-15.82,-35.31,9.25,-1.17,0.08,-13.47,-4.33,0,5.14,0,0,0,rocket,
6,9.03,4.78,1.32,174.32,30.52,20.57,9.58,-1.01,0.29,-8.34,-6.26,0,5.15,0,0,0,rocket,
7,7.08,4.73,1.51,150.73,21.67,55.27,9.63,-0.79,0.13,-6.89,-6.88,0,5.14,0,0,0,rocket,
8,9.82,0.08,3.3,190.82,93.7,75.9,9.47,-0.84,-0.06,-7.3,-8.83,0,5.1,0,0,0,rocket,
9,13.17,-0.16,4.9,211.14,83.49,118.68,9.61,-0.63,-0.01,-9.87,-8.96,0,5.16,0,0,0,rocket,
10,11.04,2.9,4.79,166.76,154.18,90.79,9.63,-1.24,-0.36,-10.44,-10.1,0,5.16,0,0,0,rocket,
11,7.84,4.41,2.92,76.77,21.31,118.44,9.47,-0.76,-0.25,-9.06,-8.47,0,5.14,0,0,0,rocket,
12,7.22,-2.47,5.68,33.82,-38.21,121.73,9.56,-0.76,-0.72,-6.11,-8.3,0,5.11,0,0,0,rocket,
13,8.82,-5.9,7,95.68,-12.79,92.94,9.93,-0.62,-0.63,-4.91,-4.83,0,5.15,0,0,0,rocket,
14,5.54,-5.95,6.62,52.54,-80.34,63.85,10.11,-0.41,0.3,-0.73,7.38,0,5.15,0,0,0,rocket,
15,6.62,-6.88,7.23,79.63,-84.85,62.05,10.05,-0.61,0.17,3.8,11.34,0,5.15,0,0,0,rocket,
16,1.2,-4.91,4.53,22.36,-184.5,-20.05,9.52,-0.91,-0.04,7.4,6.5,0,5.15,0,0,0,rocket,
17,6.2,-6.06,7.37,57.31,-250.14,-34.54,9.46,-1.17,0.02,-4.94,10.56,0,5.14,0,0,0,rocket,
18,5.1,0.28,4.98,33.27,-150.11,-100.01,8.98,-1.67,-0.03,-21.6,13.67,0,5.15,0,0,0,rocket,
19,6.33,-0.72,6.71,-52.14,-250.14,-119.62,9.63,-1.13,0.28,-18.69,7.04,0,5.15,0,0,0,rocket,
c,o,w,b,o,y,,,,,,,,,,,,,
20,9.51,0.68,5.04,79.6,93.24,-136.35,9.5,-0.78,0.11,-18.27,6.7,0,5.15,0,0,0,cowboy,
21,10.63,2.59,4.48,41.4,89.1,-123.34,9.13,-0.43,0.34,-18.93,1.81,0,5.17,0,0,0,cowboy,
22,11.74,3.07,4.93,30.07,48.23,-100.17,9.07,-0.44,-0.06,-15.58,1.23,0,5.1,0,0,0,cowboy,
23,10.61,2.33,4.94,23.19,19.38,-104.58,9.24,-0.41,0.06,-15.07,2.08,0,5.15,0,0,0,cowboy,
24,9.43,1.85,4.29,29.92,-57.38,-85.42,9.64,-0.64,0.02,-10.24,1.98,0,5.14,0,0,0,cowboy,
25,11.91,5.95,6.51,-6.22,-79.14,-108.8,9.74,-0.91,0.17,-11.21,-0.18,0,5.11,0,0,0,cowboy,
26,15.8,8.01,5.06,121.08,86.78,-60.29,9.6,-1.11,0.29,-13.15,1.02,0,5.15,0,0,0,cowboy,
27,12.45,3.57,6.59,88.57,-16.87,-97.99,10.36,-0.91,0.71,-11.7,0.08,0,5.15,0,0,0,cowboy,
28,13.03,3.28,6.71,154.47,151.38,-36.99,9.92,-0.43,-0.18,-7.56,-0.08,0,5.15,0,0,0,cowboy,
29,11.52,3.13,6.16,-3.81,-26.14,-27.31,9.25,-0.3,-0.12,-2.87,8.15,0,5.1,0,0,0,cowboy,
0,11.27,2.4,5.23,-21.92,-22.32,-12.15,9.16,-0.31,-0.02,-0.24,5.69,0,5.15,0,0,0,cowboy,
1,10.01,2.23,3.96,5.76,-7.76,24.2,9.6,-1.48,0.57,7.44,-1.82,0,5.15,0,0,0,cowboy,
2,11.98,2.61,4.13,41.66,51.65,19.66,9.64,-1.6,0.36,9.13,-0.6,0,5.16,0,0,0,cowboy,
3,13.07,2.85,4.92,18.65,51.64,84.75,9,-1.79,0.62,5.61,-6.98,0,5.16,0,0,0,cowboy,
4,13.85,2.14,5.28,29.09,54.72,119.85,8.9,-1.55,0.38,7.25,-14.79,0,5.15,0,0,0,cowboy,
5,17.02,2.05,7.69,13.06,-17.48,214.08,9.86,-1.4,0,8.58,-1.67,0,5.16,0,0,0,cowboy,
6,15.51,0.66,7.36,2.32,9.02,207.06,8.99,-1.66,0.52,4.62,-20.67,0,5.16,0,0,0,cowboy,
7,15.37,0.19,8.25,-28.1,-70.76,223.24,9.8,-2.41,-0.46,-13.5,-1.84,0,5.16,0,0,0,cowboy,
8,15.69,-2.34,8.63,31.62,45.11,250.13,9.34,-2.12,0.82,-17.12,-5.3,0,5.15,0,0,0,cowboy,
9,12.78,-2.59,8.2,30.12,86.78,250.13,10.24,-1.13,-0.52,-7.34,4.33,0,5.15,0,0,0,cowboy,
10,12.48,0.34,7.82,15.02,145.64,156.45,10.76,-0.57,-1.36,-4.81,14.77,0,5.15,0,0,0,cowboy,
11,8.53,-1.58,6.42,-27.71,250.13,193.21,9.72,0.15,0.28,-0.68,5.69,0,5.16,0,0,0,cowboy,
12,3.71,-2.73,6.57,-42.67,188.66,233.75,9.37,0.03,0.1,-8.56,10.66,0,5.12,0,0,0,cowboy,
13,2.17,-2.78,6.36,-36.31,186.65,185.32,9.89,-0.2,0.69,-17.41,14.64,0,5.16,0,0,0,cowboy,
14,0.7,-3.11,6.9,-56.45,213.67,148.47,9.82,0.37,0.74,-10.15,6.04,0,5.15,0,0,0,cowboy,
15,-5.47,-3.01,7.66,-63.29,207.27,49.05,9.01,1.57,0.45,-1.21,12,0,5.16,0,0,0,cowboy,
16,-5.54,-3.27,8.35,-77.03,197.8,8.69,8.78,1.41,0.41,2.86,11.1,0,5.16,0,0,0,cowboy,
17,-6.99,-2.35,9.02,-105.78,163.73,-107.02,9.78,0.74,0.28,0.54,7.94,0,5.13,0,0,0,cowboy,
18,-5.94,-2.83,9.35,-101.44,164.05,-151.35,9.63,0.52,0.19,-0.39,6.81,0,5.16,0,0,0,cowboy,
19,9.24,2.95,5.18,57.06,14.66,51.56,9.1,-1.75,-0.17,-2.57,-0.32,0,5.16,0,0,0,cowboy,
20,8.97,1.46,5.28,75.56,-3.24,119.96,8.92,-1.57,0.17,-2.4,0.84,0,5.11,0,0,0,cowboy,
21,10.37,4.11,5.55,87.6,72.15,100.1,9.67,-0.93,-0.22,5.76,-2.13,0,5.15,0,0,0,cowboy,
22,10.02,4.95,5.23,69.79,45.85,90.55,9.64,-0.91,0.43,12.85,-8.54,0,5.15,0,0,0,cowboy,
23,10.61,4.89,5.19,65.77,28.97,84.79,9.4,-1.22,0.74,9.65,-5.93,0,5.06,0,0,0,cowboy,
24,13.13,4.56,5.6,30.66,2.47,115.48,9.64,-1.57,-0.36,12.14,0.62,0,5.11,0,0,0,cowboy,
25,13.62,4.45,5.89,21.27,25.33,148.47,9.91,-1.67,-0.13,12.75,0.63,0,5.09,0,0,0,cowboy,
26,13.41,4.59,6.2,40.65,89.99,140.79,9.41,-1.77,0.37,8.51,-3.63,0,5.13,0,0,0,cowboy,
27,11.68,4.68,6.52,37.66,146.86,112.37,9.27,-1.75,0.7,7.25,-9.69,0,5.15,0,0,0,cowboy,
28,11.45,4.52,6.84,13.91,95.97,135.24,9.97,-1.67,-0.18,13.2,-6.43,0,5.16,0,0,0,cowboy,
29,10.31,3.77,5.13,-23.47,39.76,147.7,8.84,-1.38,1.45,4.13,-4.34,0,5.15,0,0,0,cowboy,
0,10.42,3.19,4.77,-18.95,39.74,137.51,9.17,-1.6,0.34,2.48,-10.24,0,5.13,0,0,0,cowboy,
1,13.09,2.49,5.93,-9.85,38.31,168.53,9.55,-0.85,0.9,-6.86,1.22,0,5.16,0,0,0,cowboy,
2,13.02,1.33,5.95,-16.26,69.48,176.81,9.54,-0.69,0.72,5.51,-9.03,0,5.14,0,0,0,cowboy,
3,11.61,0.9,7.64,24.37,110.79,156.94,9.88,-1.11,0.13,-0.18,2.3,0,5.15,0,0,0,cowboy,
4,11.94,1.17,7.83,-4.92,79.79,182.29,9.7,-0.93,-0.01,-0.98,7.9,0,5.14,0,0,0,cowboy,
5,8.8,-1.84,7.17,-33.5,157.11,158.98,9.45,-0.71,0.17,-6.4,9.31,0,5.15,0,0,0,cowboy,
6,6.76,-1.26,7.2,-34.91,195.08,157.1,9.47,-0.68,0.07,-9.56,11.01,0,5.16,0,0,0,cowboy,
7,3.83,-1.93,8.26,-79.74,132.02,165.28,9.59,-0.15,0.32,-2.69,8.81,0,5.09,0,0,0,cowboy,
8,3.91,-3.32,8.26,-93.48,156.17,140.11,9.4,-0.32,0.18,-6.46,10.23,0,5.15,0,0,0,cowboy,
9,-0.38,-3.96,6.42,-113.79,218.89,79.65,9.64,-0.22,0.34,-2.4,11.02,0,5.15,0,0,0,cowboy,
10,-1.02,-4.55,7.07,-105.48,250.13,73.09,9.63,-0.33,0.29,-3.68,9.56,0,5.07,0,0,0,cowboy,
11,-4.95,-3.32,8.17,-94.3,201.49,-24.63,9.6,-0.04,0.62,-1.19,7.74,0,5.16,0,0,0,cowboy,
12,-3.34,-2.86,7.82,-100.78,206.62,-85.31,9.6,-0.17,0.47,1.98,7.38,0,5.14,0,0,0,cowboy,
13,-3.78,-1.71,7.7,-107.12,208.6,-128.53,9.59,0.03,0.54,4.37,6.84,0,5.16,0,0,0,cowboy,
14,-5.63,-0.63,8.06,-109.98,199.02,-206.89,9.73,0.07,0.5,6.67,5.28,0,5.14,0,0,0,cowboy,
15,0.83,0.69,2.72,-132.73,23.26,-250.14,9.55,-0.39,0.8,7.77,8.85,0,5.13,0,0,0,cowboy,
16,0.94,2.25,0.61,-102.2,31.22,-250.14,9.39,0.09,0.71,12.86,5.08,0,5.14,0,0,0,cowboy,
17,4.05,6.15,-3.09,-47.02,-6.99,-250.14,9.2,0.03,1.08,12.59,-0.15,0,5.11,0,0,0,cowboy,
18,17.78,7.04,-3.96,-107.73,-144.23,-250.14,9.26,0.16,1.29,14.11,-5.38,0,5.16,0,0,0,cowboy,
19,13.07,-3.21,-15.08,182.09,-181.31,139.35,7.9,1.02,0.97,10.83,-48.25,0,5.17,0,0,0,cowboy,
20,13.6,-4.98,-10.13,250.13,-250.14,159.85,7.95,2.28,0.91,11.51,-52.49,0,5.15,0,0,0,cowboy,
21,14.48,-2.34,-3.76,250.13,-250.14,165.6,9.08,2.6,1.14,33.34,-55.67,0,5.11,0,0,0,cowboy,
22,13.43,-6.34,1.02,202.14,-250.14,140.85,10.28,4.2,1.47,64.66,-44.3,0,5.16,0,0,0,cowboy,
23,13.42,-14.93,13.49,56.05,-192.85,35.85,10.4,-3.52,-1.48,75.44,-43.46,0,5.15,0,0,0,cowboy,
24,13.81,-17.76,14.18,250.13,-187.31,165.68,10.24,-0.59,-0.68,107.07,-18.34,0,5.16,0,0,0,cowboy,
25,10.84,-10.78,12.49,169.8,-146.84,192.36,11.94,0.04,0.11,130.89,-21.74,0,5.17,0,0,0,cowboy,
26,6.75,-9.93,11.14,102.34,-103.05,211.47,10.98,-1.03,0.68,135.35,-10.66,0,5.16,0,0,0,cowboy,
27,2.03,-9.46,5.74,-14.37,-141.8,152.98,8.87,-1.97,0.52,151.33,1.03,0,5.16,0,0,0,cowboy,
28,1.66,-8.45,4.07,-23.79,-170.46,132.5,8.65,-2.12,0.31,149.2,8.91,0,5.16,0,0,0,cowboy,
29,-1.52,-5.36,2.3,-22.06,-117.56,86.33,7.26,-2.4,0.19,150.01,9.31,0,5.16,0,0,0,cowboy,
0,-2.03,-5.43,1.92,-46.68,-172.44,59.34,6.93,-2.09,0.65,148.98,11.05,0,5.16,0,0,0,cowboy,
1,-2.03,-4.03,-1.53,-3.23,-100.47,55.41,7.7,-2.79,0.01,135.11,7.48,0,5.16,0,0,0,cowboy,
2,-0.47,-1.88,-5.06,-33.33,-125.54,34.19,8.62,-2.64,-0.53,130.16,5.24,0,5.16,0,0,0,cowboy,
3,0.97,-3.23,-13.75,6.79,-113.58,-31.83,10.57,1.07,-0.26,133.75,3.31,0,5.15,0,0,0,cowboy,
4,5.87,-6.93,-17.63,-15.88,-136.23,-131.27,8.98,1.53,0.15,128.11,2.05,0,5.15,0,0,0,cowboy,
5,19.62,-5.78,-7.07,98.34,-218.25,-195.76,10.11,0.1,-0.6,119.2,-6.43,0,5.16,0,0,0,cowboy,
6,19.62,-9.27,1.04,177.56,-98.5,-43.54,11.69,-0.05,-0.18,111.51,-2.81,0,5.16,0,0,0,cowboy,
7,15.63,-9.4,10.27,79.55,-213.67,184.6,11.86,0.63,-0.81,106.85,-0.33,0,5.14,0,0,0,cowboy,
8,11.68,-11.72,10.61,44.2,-250.14,174.62,12.97,1.12,-0.4,104.31,5.6,0,5.16,0,0,0,cowboy,
9,2.09,-8.93,4.77,-55.31,-143.95,120.24,13.79,1.41,0.49,131.05,-2.77,0,5.16,0,0,0,cowboy,
10,-5.12,-9.4,7.57,232.78,-206.79,250.13,12.89,0.81,0.51,117.38,16.4,0,5.16,0,0,0,cowboy,
11,-6.87,-7.36,5.09,-32.76,-250.14,211.37,12.56,0.93,0.58,128.67,11.5,0,5.15,0,0,0,cowboy,
12,-9.49,-6.24,3.93,-89.88,-183.64,73.03,11.13,1.16,0.6,137.75,9.32,0,5.15,0,0,0,cowboy,
13,-10.33,-5.04,1.1,-81.89,-186,39.07,9.18,1.23,0.54,140.79,11.44,0,5.17,0,0,0,cowboy,
14,-5.19,-3.51,-4.73,-32.08,12.31,-156.21,5.17,1.34,-0.14,163.63,-4.15,0,5.15,0,0,0,cowboy,
15,-4.94,0.38,-6.4,36.69,71.24,-194.18,3.84,1.1,-0.89,156.69,-1.31,0,5.16,0,0,0,cowboy,
16,0.54,1.37,-11.29,28.84,-74.81,-250.14,1.55,0.38,-1.26,170.05,-20.51,0,5.17,0,0,0,cowboy,
17,5.62,-2.44,-10.83,71.53,-131.88,-250.14,0.49,1.04,-0.63,169.8,-12.56,0,5.17,0,0,0,cowboy,
18,15.6,-4.49,-3.02,-8.15,-119.11,-139.9,4.42,-0.67,0.71,156.77,10.95,0,5.19,0,0,0,cowboy,
19,16.23,-8.68,-0.75,-95.02,-69.98,-171.02,11.62,-2.65,0.41,148.27,-13.5,0,5.18,0,0,0,cowboy,
20,17.89,-12.4,5.61,-41.54,-111.36,89.34,19.62,-5.94,3.13,140.66,-12.4,0,5.15,0,0,0,cowboy,
21,12.48,-13.12,4.66,-34.56,99.3,119.45,15.77,-7.45,0.21,145.24,7.13,0,5.19,0,0,0,cowboy,
22,7.94,-15.11,2.59,-119.94,-250.14,100.92,15.11,-2.46,-1.37,124.58,-0.35,0,5.16,0,0,0,cowboy,
23,7.42,-13.41,0.39,-20.68,-102.34,107.71,13.81,-1.92,1.34,100.02,14.33,0,5.17,0,0,0,cowboy,
24,0.53,-7.51,-6.18,-141.54,-122.83,102.86,8.57,-2.97,-0.03,97.69,23.99,0,5.18,0,0,0,cowboy,
25,-0.32,-6.06,-7.36,-114.44,-79.81,84.22,6.76,-2.6,0.83,90.62,36.5,0,5.18,0,0,0,cowboy,
26,-3.13,-3.14,-11.82,-90.69,80.88,1.91,4.86,-1.47,0.18,90.29,29.99,0,5.19,0,0,0,cowboy,
27,-5.5,-0.95,-15.49,-17.18,29.08,-29.08,4.21,-1.06,-0.58,82.31,29.69,0,5.2,0,0,0,cowboy,
28,0.29,0.32,-14.95,189.61,-54.35,-181.12,3.42,0.1,-0.74,75.21,11.75,0,5.19,0,0,0,cowboy,
29,2.36,-1.07,-12.44,238.69,-27.05,-219.2,4.93,0.75,-0.47,74.99,3.32,0,5.16,0,0,0,cowboy,
0,12.61,-2.89,3.23,250.13,-136.3,-86.22,11.35,2.45,-0.1,88.99,-6.87,0,5.19,0,0,0,cowboy,
1,18.45,-7.36,10.7,214.01,-125.89,-12.99,13.75,1.07,0.73,85.31,5.59,0,5.19,0,0,0,cowboy,
2,18.78,-10.41,13.72,160.4,-70.46,63.02,14.15,2.69,1.94,103.98,11.92,0,5.16,0,0,0,cowboy,
3,16.12,-11.87,14.84,57.71,-100.24,106.44,14.79,1.91,1.21,105.07,-9.68,0,5.2,0,0,0,cowboy,
4,2.39,-14.26,4,-172.7,-211.02,105.58,15.59,2.01,3.3,110.09,19.9,0,5.19,0,0,0,cowboy,
5,-0.04,-13.54,0.31,-155.54,-202.37,89.12,14.62,1.48,2.33,114.73,7.7,0,5.17,0,0,0,cowboy,
6,-2.58,-9.98,-3.3,-119.06,-99.53,62.91,11.98,1.65,2.28,118.01,8.79,0,5.17,0,0,0,cowboy,
7,-4.68,-7.83,-4.49,-88.46,-57.2,55.41,9.73,1.49,2.03,124.31,2,0,5.17,0,0,0,cowboy,
8,-6.02,-2.03,-11.35,-46.6,-33.12,-76.89,5.57,0.91,-0.01,128.56,-21.65,0,5.21,0,0,0,cowboy,
9,-3.43,-0.78,-12.95,6.86,-34.72,-105.34,4.26,0.31,-0.81,121.53,-5.92,0,5.2,0,0,0,cowboy,
10,-1.83,3.79,-13.4,223.98,-56.34,-172.91,1.47,1.11,-0.83,135.98,-20.81,0,5.19,0,0,0,cowboy,
11,1.35,3.3,-11.34,250.13,-84.68,-220.14,1.2,1.43,-0.88,140.31,-21.15,0,5.19,0,0,0,cowboy,
12,6.76,1.14,-8.62,250.13,-118.76,-242.48,2.01,1.13,-0.55,141.82,-18.95,0,5.13,0,0,0,cowboy,
13,11.99,-1.1,-4.73,250.13,-154.55,-203.47,3.46,0.82,0.32,138.04,1.45,0,5.18,0,0,0,cowboy,
14,16.54,-11.03,8,115.82,-181.05,63.89,19.62,-1.7,2.79,157.76,-28.72,0,5.18,0,0,0,cowboy,
15,15.46,-14.31,8.45,68.38,-250.14,73.49,18.81,-3.73,2.03,147.79,-13.38,0,5.16,0,0,0,cowboy,
16,7.81,-15.59,5.77,-93.97,-211.09,109.15,14.19,-1.2,0.53,134.16,12.53,0,5.21,0,0,0,cowboy,
17,4.3,-14.66,3.31,-29.02,-169.46,195.2,13.01,-2.29,-0.09,138.27,16.24,0,5.23,0,0,0,cowboy,
18,1.5,-12.37,1.51,-69.93,-151.95,172.42,11.71,-2.36,0.4,139.05,17.05,0,5.18,0,0,0,cowboy,
19,-0.4,-11.19,-0.39,-65.77,-172.73,156.34,10.81,-2.46,0.23,133.38,22.75,0,5.24,0,0,0,cowboy,
20,-1.35,-8.62,-1.94,-92.28,-124.69,118.79,9.14,-2.4,0.33,128.56,24.2,0,5.23,0,0,0,cowboy,
21,-5.61,-2.57,-6.85,-69.17,-2.13,54.35,6.15,-1.17,0.23,107.28,32.18,0,5.22,0,0,0,cowboy,
22,-6.01,0.12,-10.31,-35.55,-10.82,16.79,4.92,-0.99,0.26,115.53,25.08,0,5.22,0,0,0,cowboy,
23,-1.72,0.49,-14.47,80.27,14.45,-107.94,4.08,-0.44,-0.05,96.73,13.98,0,5.18,0,0,0,cowboy,
24,-1.79,2.48,-14.75,119.51,7.96,-162.9,4.68,-0.41,0.18,89.44,5.98,0,5.16,0,0,0,cowboy,
25,5.11,-4.34,-8.72,236.64,-38.73,-181.85,7.41,0.53,-0.35,91.98,-16.09,0,5.18,0,0,0,cowboy,
26,9.1,-5.1,-3.54,250.13,57.61,-200.34,10.99,1.4,-1.37,104.25,-25.65,0,5.17,0,0,0,cowboy,
27,11.54,-14.87,13.98,247.94,-62.86,142.29,12.38,1.95,0.93,126.2,-38.89,0,5.19,0,0,0,cowboy,
28,11.14,-10.43,12.07,-28.6,-133.95,59.96,13.11,0.97,0.67,115.29,-9.92,0,5.19,0,0,0,cowboy,
29,8,-15.02,9.07,-60.42,-247.32,132.79,16.55,2.81,1.2,128.44,2.04,0,5.18,0,0,0,cowboy,
0,3,-13.75,5.83,-70.91,-166.01,172.82,14.61,3.13,1.58,130.34,8.44,0,5.17,0,0,0,cowboy,
1,-0.76,-11.68,1.52,-104.9,-175.37,101.17,11.43,1.14,1.7,127.13,25.23,0,5.17,0,0,0,cowboy,
2,-1.77,-8.81,0.67,-111.64,-198.58,82.34,9.97,1.17,1.32,130.25,17.85,0,5.16,0,0,0,cowboy,
3,-6.04,-4.85,-4.26,-79.08,-64.4,64.99,5.83,1.49,0.45,155.21,6.54,0,5.18,0,0,0,cowboy,
4,-7.24,-1.34,-6.68,-69.37,-37,14.89,4.14,0.97,1.27,138.45,-2.59,0,5.15,0,0,0,cowboy,
5,-2.91,0.51,-11.64,-25.56,-92.04,-135.72,1.44,1.34,-0.7,154.85,-16.36,0,5.2,0,0,0,cowboy,
6,-0.13,-1.33,-12.21,32.13,4.67,-165.69,1.17,1.46,-0.27,150.63,-18.4,0,5.19,0,0,0,cowboy,
7,-1.19,0.92,-12.59,144.21,85.31,-211.66,2.37,0.76,0.09,144.21,-20.01,0,5.13,0,0,0,cowboy,
8,0.02,-0.92,-12.04,181.63,57.31,-250.14,4.43,0.17,0.44,140.78,-20.32,0,5.17,0,0,0,cowboy,
9,19.62,-2.56,-0.81,111.5,-119.32,-181.84,19.21,-3.99,2.31,114.36,-31.49,0,5.17,0,0,0,cowboy,
10,19.62,-7.4,2.18,112.66,-245.76,-22.02,18.08,-3.28,-2.18,109.21,-14.73,0,5.18,0,0,0,cowboy,
11,17.09,-12.06,0.51,21.61,-250.14,119.29,14.1,-1.83,0.73,147.99,6.03,0,5.16,0,0,0,cowboy,
12,12.1,-10.85,0.21,-114.87,-250.14,25.46,13.2,-0.51,1.1,144.6,16.9,0,5.16,0,0,0,cowboy,
13,5.72,-1.99,-3.32,30.01,-12.12,160.87,11.15,-2.78,0.75,158.51,0.9,0,5.16,0,0,0,cowboy,
14,2.75,-5.15,-4.08,-90.26,-7.18,129.54,9.83,-3.18,0.38,139.96,22.56,0,5.16,0,0,0,cowboy,
15,-3.52,-9.18,-2.55,-31.4,-227.5,170.37,7.91,-2.51,1.09,134.6,12.48,0,5.11,0,0,0,cowboy,
16,-5.3,-4.01,-4.95,162.9,-1.24,228.69,6.06,-3.03,-0.25,125.85,20.86,0,5.16,0,0,0,cowboy,
17,-9.55,-4.36,-6.18,29.05,21.61,117.11,4.89,-1.8,-0.04,126.3,21.95,0,5.17,0,0,0,cowboy,
18,-7.95,-1.16,-10.37,37.21,43.79,-147.57,3.39,-0.83,-0.34,107.5,23.53,0,5.16,0,0,0,cowboy,
19,-5.25,0.1,-9.96,22.79,1.53,-237.45,3.46,-0.86,0.08,99,22.71,0,5.18,0,0,0,cowboy,
20,7.34,-2.7,-6.6,203.2,-36.3,-250.14,7.51,-0.19,0.33,87.76,2.27,0,5.17,0,0,0,cowboy,
21,10.83,-3.01,-4.56,250.13,-47.28,-207.95,10.25,0.5,-0.6,108.64,-8.66,0,5.16,0,0,0,cowboy,
22,19.62,-6.19,4.43,212.05,-104.37,11.15,14.16,3.66,0.75,108.06,-7.01,0,5.18,0,0,0,cowboy,
23,17.93,-8.15,5.73,128.29,-73.13,121.82,15.55,3.36,2.51,113.73,-10.24,0,5.18,0,0,0,cowboy,
24,10.05,-12.33,5.22,-81.69,-250.14,214.99,14.08,0.16,1.16,117.01,3.68,0,5.17,0,0,0,cowboy,
25,5.9,-13.38,4.31,-175.95,-244.76,176.08,15.37,0.1,1.69,109.4,11.68,0,5.15,0,0,0,cowboy,
26,-0.81,-12.22,-0.8,-147.9,-59.45,145.27,11.85,1.39,1.39,113.56,10.69,0,5.17,0,0,0,cowboy,
27,-4.06,-9.33,-3.71,-152.37,73.06,106.86,10.34,1.88,1.3,114.89,6.58,0,5.17,0,0,0,cowboy,
28,-7.06,-7.74,-9.37,-100.9,-2.27,8.58,8.06,1.56,0.42,118.99,7.75,0,5.16,0,0,0,cowboy,
29,-5.67,-6.58,-9.35,-34.5,-62.9,-45.43,6.53,1.36,0.29,120.55,7.29,0,5.14,0,0,0,cowboy,
0,-2.42,0.32,-12.29,129.66,-115.75,-141.21,3.85,0.73,-0.77,111.1,5.85,0,5.18,0,0,0,cowboy,
1,0.4,-0.37,-11.72,-90.04,-204.05,-250.14,3.84,0.63,-0.58,123.05,-2.5,0,5.17,0,0,0,cowboy,
h,u,n,c,h,b,a,c,k,,,,,,,,,,
2,4.1,0.08,-10.65,250.13,42.08,-184.55,4.95,0.44,0.21,121.28,-6.43,0,5.16,0,0,0,22,
3,4.27,-1.94,-9.11,202.59,-106.25,-250.14,6.14,-0.02,0.91,124.34,-6.4,0,5.15,0,0,0,,
4,19.62,-4.56,-0.31,178.13,-125.52,-45.9,12.31,-3.45,2.23,85.01,-16.57,0,5.16,0,0,0,,
5,19.62,-7.98,0,-6.5,-182.24,-12.43,15.7,-3.87,2.65,99.35,-18.16,0,5.16,0,0,0,,
6,10.19,-12.12,1.44,96.05,-234.24,161.55,13.76,-2.68,1.97,123.57,-17.47,0,5.16,0,0,0,,
7,6.63,-12.85,1.94,57.54,-250.14,197.69,12.83,-1.87,2.81,118.57,-10.55,0,5.13,0,0,0,,
8,-0.79,-12.08,1.27,-48.6,-139.35,194.6,11.91,-1.89,1.97,115.23,0.9,0,5.17,0,0,0,,
9,-4.3,-11.88,-0.08,-93.5,-103.34,152.37,10.7,-2.89,1.19,122.89,0.31,0,5.16,0,0,0,,
10,-8.02,-8.25,-7.81,-143.35,-44.3,-6.08,7.36,-2.91,-0.01,95.02,10.56,0,5.16,0,0,0,,
11,-5.84,-7.05,-9.49,-55.45,-21.25,-29.4,6.34,-2.53,-0.03,86.01,13.66,0,5.16,0,0,0,,
12,-5.58,0.22,-16.11,70.2,-37.7,-169.27,5.09,-1.1,-0.5,69.65,11.71,0,5.14,0,0,0,,
13,0.7,-1.35,-15.79,71.79,-60.4,-250.14,5.4,-0.12,-0.37,73.67,10.21,0,5.16,0,0,0,,
14,6.96,-2.12,-12.15,168.4,45.11,-250.14,5,-0.7,-0.04,66.62,10.9,0,5.15,0,0,0,,
15,9.13,-0.18,-8.33,250.13,181.5,-250.14,5.65,-0.58,0.13,65.08,4.19,0,5.16,0,0,0,,
16,10.21,-0.09,-4.86,189.37,155.64,-177.01,6.86,-0.07,-0.12,73.19,-7.58,0,5.17,0,0,0,,
17,15.28,-7.27,8.8,250.13,-61.98,119.31,12.37,1.81,0.87,90.79,-0.07,0,5.14,0,0,0,,
18,13.86,-5.08,10.55,220.82,-183.37,216.8,13.71,3.63,1.68,105.46,-7.61,0,5.17,0,0,0,,
19,0.38,-11.75,11.01,-10.12,-250.14,250.13,14.71,0.66,2.05,100.53,4.61,0,5.17,0,0,0,,
20,-1.65,-11.88,9.91,-19.56,-250.14,199.83,15.66,0.78,2.22,105.46,7.69,0,5.18,0,0,0,,
21,-3.86,-13.28,7.35,-174.85,-163.97,91.59,13.4,1.52,1.81,119.46,5.55,0,5.15,0,0,0,,
22,-6,-18.55,5.94,-98.45,-11.17,144.79,11.79,1.18,1.71,121.03,7.51,0,5.14,0,0,0,,
23,-6.19,-10.18,-2.18,-96.24,-35.22,-24.53,6.51,-0.31,-0.11,117.07,3.15,0,5.13,0,0,0,,
24,-7.19,-7.18,-2.67,-104.71,56.24,-97.89,5.73,1.04,0.11,126.15,5.66,0,5.15,0,0,0,,
25,-3.05,-1.71,-7.43,-54.05,-23.44,-171.77,4.04,1.14,-0.12,125.49,-2.67,0,5.15,0,0,0,,
26,0.41,-1.47,-8.17,-44.45,-10.08,-244.22,4.1,1.17,0.13,134.29,-8.94,0,5.15,0,0,0,,
27,3.83,1.51,-9.81,-1.46,-12.63,-250.14,4.28,1.06,0.78,142.16,-12.89,0,5.15,0,0,0,,
28,8.12,0.53,-11.46,48.21,-93.99,-250.14,5.02,0.37,1.38,147.37,-14.63,0,5.15,0,0,0,,
29,15.12,-6.92,-1.39,158.96,-204.5,25.05,15.38,-6.32,1.2,118.78,-25.5,0,5.16,0,0,0,,
0,13.75,-8.25,1.57,145.82,-210.21,109.23,17.28,-5.5,1.03,114.18,-17.08,0,5.14,0,0,0,,
1,4.7,-3.2,-1.92,96.98,-95.25,250.13,7.54,-0.78,2.75,114.73,-20.26,0,5.15,0,0,0,,
2,-0.64,-5.02,-2.69,123.19,-152.94,250.13,12.02,-2.28,2.97,77.05,-26.5,0,5.14,0,0,0,,
3,-7.59,-8.9,-0.91,-33.03,-250.14,238.63,19.28,-5.68,2.77,111.41,4.78,0,5.16,0,0,0,,
4,-8.01,-10.07,1.01,-90.58,-182.34,126.28,13.31,-4.96,1.61,129.05,-36.92,0,5.15,0,0,0,,
5,-12.47,-10.74,-6.15,-131.81,-21.71,-229.89,11.99,1.19,1.01,133.82,45.07,0,5.14,0,0,0,,
6,-9.51,-9.43,-5.42,-28.49,-87.45,-250.14,11.5,-0.37,1.28,131.41,32.56,0,5.16,0,0,0,,
7,-8.79,-5.94,-7.88,2.04,-167.8,-250.14,10.7,-2.17,2.98,117.01,12.47,0,5.09,0,0,0,,
8,-2.53,-3.78,-10.97,-36.24,-202.89,-250.14,10.01,-3.53,1.85,110.64,7.43,0,5.16,0,0,0,,
9,19.62,-0.87,-10.18,69.69,-49.33,-200.18,5.74,-1.5,0.89,106.52,-12.56,0,5.14,0,0,0,,
10,19.62,-3.27,-8.64,66.38,17.78,0.81,5.3,-0.66,-0.1,107.67,-12.6,0,5.15,0,0,0,,
11,18.14,-4.14,-6.46,172.45,-73.83,156.85,4.56,0.25,-0.72,108.63,-3.08,0,5.04,0,0,0,,
12,12.9,-3.05,-3.82,200.33,-153.01,234.97,3.92,0.6,-0.38,105.88,-2.79,0,5.13,0,0,0,,
13,-6.91,-3.66,1.7,139.82,-92.98,250.13,12.09,0.82,-0.22,100.21,-27.91,0,5.14,0,0,0,,
14,-12.38,-3.17,1.63,125.25,-146.69,250.13,11.4,-0.79,-0.29,86.37,-23.37,0,5.15,0,0,0,,
15,-13.43,-5.54,1.88,1.81,-214.26,121.31,11.55,-0.49,0.27,104.29,-22.81,0,5.1,0,0,0,,
16,-11.95,-7.58,2.49,-87.47,-214.4,16.79,12.31,0.19,-0.4,104.56,-13.85,0,5.14,0,0,0,,
17,-4.31,-8.34,-3.26,-104.25,-131.99,-250.14,15.68,1.41,1.35,111.16,3.5,0,5.1,0,0,0,,
18,4.77,-7.15,-2.79,-58.63,-167.97,-250.14,14.96,1.25,0.39,111.75,2.02,0,5.14,0,0,0,,
19,12.67,-4.77,-3.13,-42.14,-118.94,-250.14,12.4,0.37,1.68,92.29,3.63,0,5.1,0,0,0,,
20,17.9,-7.76,-7.75,-84.78,-94.15,-250.14,11.07,0.42,1.13,107.68,-7.4,0,5.14,0,0,0,,
21,19.15,-8.52,-6.49,-36,-52.25,149.82,6.38,0.86,-0.19,135.48,-8.71,0,5.1,0,0,0,,
22,9.82,-7.21,-6.1,32.5,-58.65,250.13,5.41,1.01,-0.61,132.23,-4.68,0,5.15,0,0,0,,
23,-13.31,-3.59,-3.99,8.92,-13.78,87.89,5.91,-0.49,0.26,134.34,-11.65,0,5.15,0,0,0,,
24,-15.12,-5.22,-5.44,-16.65,-9.83,-10.3,8.34,-1.24,1.63,131.63,-17.27,0,5.13,0,0,0,,
25,-13.88,-6.4,-6.45,-37.66,-55.17,-141.56,12.52,-4.27,2.27,91.16,-22.73,0,5.14,0,0,0,,
26,-10.94,-4.72,-7.4,-34.85,-121.02,-250.14,15.15,-3.29,1.83,97.97,-1.21,0,5.15,0,0,0,,
27,-5.72,-2.37,-8.8,-5.75,-193.21,-250.14,14.85,-2.31,1.49,97.79,7.55,0,5.14,0,0,0,,
28,4.57,-3.34,-9.12,18.64,-250.14,-250.14,13.8,-0.99,0.2,132.02,0.34,0,5.11,0,0,0,,
29,14.85,-5.65,-8.93,44.26,-203,-250.14,14.97,-2.03,1.77,113.66,6.32,0,5.11,0,0,0,,
0,19.62,-3.17,-5.89,47.12,-74.93,-250.14,14.62,-1.72,2.95,113.24,3.05,0,5.13,0,0,0,,
1,19.62,-5.05,-2.1,130.76,80.26,-66.06,14.63,-1.92,1.85,104.47,9.61,0,5.13,0,0,0,,
2,13.2,-10.29,-0.98,22.27,-33.29,135.83,9.73,-1.91,1.35,100.22,-3.37,0,5.15,0,0,0,,
3,9.67,-8.53,0.8,10.99,-156.61,153.57,7.86,-2.34,1.08,96.18,0.18,0,5.13,0,0,0,28,
4,-2.65,-8,-0.56,27.93,-156.67,225.01,5.32,-1.64,-1.17,83.76,21.82,0,5.16,0,0,0,,
5,-5.89,-7.19,-1.09,-6.34,-109.56,176.11,4.96,-0.54,-1.18,84.79,24.88,0,5.13,0,0,0,,
6,-10.18,-6.99,-1.68,-20.06,-87.98,53.78,5.75,-0.82,-0.58,64.16,3.13,0,5.15,0,0,0,,
7,-11.17,-4.96,-2.28,-25.47,-90.47,-3.66,6.62,-1.05,0.88,67.04,-7.47,0,5.12,0,0,0,,
8,-6.4,-4.16,-7.77,-80.27,-74.83,-209.81,8.29,0.59,-0.05,65.44,-11.83,0,5.15,0,0,0,,
9,-1.63,-6.78,-9.63,-49.18,-22.67,-250.14,7.63,1.41,-0.85,62.97,-0.69,0,5.14,0,0,0,,
10,15.1,-3.47,-7.37,-1.47,64.4,-250.14,11.64,0.95,-0.52,74.03,16.79,0,5.16,0,0,0,,
11,18.47,-5.94,-6.47,-42.08,92.99,-236.65,14.95,1.72,0.39,73.27,7.89,0,5.14,0,0,0,,
12,19.62,-7.92,-2.09,195.27,-206.68,80.9,14.23,3.11,0.27,63.8,21.64,0,5.15,0,0,0,,
13,19.62,-6.61,-0.63,111.37,-152.5,189.01,14.08,1.35,0.68,57.51,19.8,0,5.15,0,0,0,,
14,2.73,-9.81,1.09,57.82,-183.39,238.13,12.19,1.37,0.69,92.19,18.5,0,5.15,0,0,0,7,
15,0.41,-8.9,1.75,27.07,-208.85,203.52,10.48,1.36,0.49,103.7,18.28,0,5.15,0,0,0,,
16,-8.14,-7.83,0.57,-48.82,-36.91,145.84,6.63,0.38,-0.11,88.73,8.64,0,5.16,0,0,0,,
17,-10.97,-7.89,-0.1,-59.85,-15.02,86.57,5.42,-0.04,0.29,88.13,3.16,0,5.16,0,0,0,,
18,-12.5,-3.97,-1.85,-68.98,46.71,12.48,5.08,0.18,0.13,83.76,-2.7,0,5.14,0,0,0,,
19,-12.85,-6.63,-1.81,-19.82,3.95,-37.34,5.12,0.25,0.73,78.68,-5.67,0,5.15,0,0,0,,
20,-9.42,-2.36,-7.2,-8.76,3.33,-250.14,8.41,-0.83,1.36,94.55,-33.63,0,5.16,0,0,0,,
21,-6.44,0.09,-7.64,8.66,4.4,-250.14,8.65,-1.64,1.57,92.14,-38.56,0,5.14,0,0,0,,
22,10.63,2.61,-6.66,121.18,-101.45,-250.14,13.46,-4.12,-0.43,84.98,-28.36,0,5.15,0,0,0,,
23,19.62,-0.42,-4.91,39.24,-76.15,-250.14,15.97,-4.34,1.03,81.41,-26.57,0,5.16,0,0,0,,
24,19.62,-13.34,-5.56,166.74,26.22,122.79,10.73,-1.68,1.94,149.77,-14.69,0,5.15,0,0,0,,
25,19.62,-10.64,-3.36,129.77,-227.47,117.84,10.14,-0.79,2.15,145.72,-15.54,0,5.14,0,0,0,,
26,-6.67,-5.45,-2.57,-35.27,-70.03,192.31,7.06,-2.57,0.07,108.09,13.99,0,5.16,0,0,0,62,
27,-9.54,-5.45,-3.67,-39.14,-37.35,165.38,5.8,-2.17,-0.08,92.42,8.24,0,5.14,0,0,0,16,
28,-11.77,-4.54,-5.74,-38.01,-4.58,100.78,4.61,-1.54,-0.18,79.21,8.63,0,5.14,0,0,0,19,
29,-12.31,-3.82,-7.85,-45.41,-8.94,-8.93,3.52,-1.79,-0.4,69.11,6.7,0,5.14,0,0,0,59,
0,-10.87,-3.19,-10.12,-37.79,-46.22,-119.5,2.97,-0.29,-1.17,72.01,4.26,0,5.15,0,0,0,6,
1,-7.39,-4.1,-10.55,-14.8,-43.75,-203.19,3.26,0.22,-1.6,71.46,-6.24,0,5.15,0,0,0,60,
2,-4.87,-2.5,-10.55,62.02,-4.15,-240.46,5.13,0.4,-0.11,78.61,-10.91,0,5.1,0,0,0,22,
3,-2.73,0.19,-11.4,121.94,-6.56,-250.14,8.16,1.11,-0.98,66.66,-5.47,0,5.14,0,0,0,56,
4,19.62,-2.72,-0.85,223.75,-195.56,-225.85,13.75,1.76,0.53,96.24,-7.87,0,5.16,0,0,0,45,
5,19.62,-5.25,3.94,130.85,-134.07,-55.99,12.8,0.99,1.14,112.47,-11.24,0,5.11,0,0,0,54,
6,19.62,-10.78,6.65,20.17,-77.83,164.04,15.11,0.57,1.01,92.22,1.24,0,5.15,0,0,0,50,54
7,14.68,-10.36,6.14,45.47,-168.97,242.32,14.38,0.33,1.16,101.63,-4.19,0,5.15,0,0,0,16,
8,1.99,-8.28,4.27,-54.69,-228.01,250.13,10.71,0.58,0.7,110.33,0.99,0,5.15,0,0,0,25,
9,-1.62,-8.27,2.93,-89.57,-152.95,240.66,9.75,0.75,0.13,113.08,4.93,0,5.15,0,0,0,9,
10,-12.5,-7.04,-3.14,-120.36,174.63,92,6.28,-0.33,-0.43,103.61,-2.87,0,5.16,0,0,0,,
11,-13.02,-6.84,-5.68,73.72,-40.7,134.4,5.13,-0.33,-0.63,105.09,-4.07,0,5.12,0,0,0,,
12,-11.96,-2.59,-7.47,-37.97,-0.47,-129.88,4.8,-0.26,-0.56,89.36,-29.05,0,5.11,0,0,0,,
13,-8.74,-1.08,-7.94,36.81,-33.59,-158.89,4.94,0.22,0.01,100.91,-29.73,0,5.14,0,0,0,,
14,7.67,-0.46,-8.55,125.47,-54.37,-250.14,6.95,-1.34,0.88,98.82,-17.96,0,5.15,0,0,0,,
15,17.46,-1,-5.72,126.29,-77.05,-250.14,9.87,-1.8,1.45,105.55,-28.44,0,5.14,0,0,0,,
16,19.62,-17.54,-1.31,-9.87,200.23,-80.69,14.2,-2.39,1,97.68,-8.69,0,5.16,0,0,0,,
17,19.62,-7.02,-2.66,250.13,-200.82,250.13,13.71,-2.32,1.42,100.33,-3.89,0,5.16,0,0,0,,
18,11.84,-8.12,-0.81,60.2,7.4,250.13,13.28,-1.69,0.8,114.3,-4.24,0,5.14,0,0,0,62,
19,3.53,-9.55,-1.59,-36.95,-134.58,241.77,12.65,-2.36,0.61,109.57,2.4,0,5.15,0,0,0,,
20,-7.61,-10.29,-3.72,-1.62,-131.73,188.05,10.67,-3.31,0.79,107.63,1.92,0,5.15,0,0,0,,
21,-9.55,-9.42,-3.47,-34.83,-87.62,125.38,9.53,-3.27,0.29,94.85,21.28,0,5.16,0,0,0,,
22,-9.82,-7.71,-5.32,-40.97,63.85,-99.81,6.29,-1.82,-0.42,66.27,26.89,0,5.13,0,0,0,,
23,-7.37,-6.15,-5.39,16.58,29.58,-139.25,5.58,-1.62,-0.29,66.16,25.9,0,5.16,0,0,0,,
24,-1.81,-0.85,-5.72,122.79,-79.84,-250.14,5.14,-0.74,0.03,61.64,16.18,0,5.14,0,0,0,,
25,4.04,-1.81,-5.15,74.67,-69.89,-250.14,5.4,-0.36,0.13,61.73,13.42,0,5.15,0,0,0,,
26,9.11,-4.12,-4.53,83.51,-11.21,-250.14,6.39,0.04,-0.41,63.41,2.31,0,5.11,0,0,0,,
27,14.19,-2.32,-3.52,121.4,-15.09,-234.22,7.71,0.17,-0.5,66.92,-5.92,0,5.13,0,0,0,,
28,17.27,-1.53,-2.25,64.18,-18.79,-90.18,10.13,0.98,-0.23,77.37,-7.1,0,5.15,0,0,0,,
29,17,-7.49,1.05,-65.15,-39.91,109.96,12.79,2.64,1.95,83.21,-1.76,0,5.16,0,0,0,,
0,10.97,-8.13,1.2,-18.77,-127.97,204.97,12.16,1.04,0.8,83.18,-18.7,0,5.15,0,0,0,,
1,1.17,-9.71,-0.72,-2.47,-216.9,249.65,14.11,-0.05,0.51,81.31,-11.48,0,5.16,0,0,0,,
2,-2.88,-10.67,-1.43,-18.57,-229.5,213.1,14.77,-0.3,1.09,72.7,-0.34,0,5.15,0,0,0,,
3,-7.03,-11.67,-1.66,-64.37,-5.71,45.62,12.37,0.09,0.73,70.17,3.82,0,5.16,0,0,0,42,
4,-6.46,-11.5,-2.42,-85.32,35.21,-35.4,10.88,0.22,0.55,63.44,9.92,0,5.14,0,0,0,17,
5,-3.07,-7.47,-1.81,5.39,171.5,-223.43,7.41,-0.65,-0.77,42.43,12.1,0,5.15,0,0,0,,
6,-2.02,-5.32,-1.31,62.73,41,-204.67,6.07,0.05,-0.68,39.39,14.62,0,5.1,0,0,0,,
7,5.05,-1.52,-1.14,118.59,24.29,-233.25,5,0.63,-0.08,42.02,10.08,0,5.15,0,0,0,,
8,7.35,-1.63,-1.51,64.74,-5.2,-211.71,5.09,1.07,-0.42,46.2,3.39,0,5.15,0,0,0,,
9,9.49,-3.12,-2.93,-62.21,-43.7,-42.91,10.21,-0.14,-0.35,43.93,-32.04,0,5.16,0,0,0,,
10,6.88,-4.43,-3.43,-23.21,-40.76,-32.96,11.03,-0.94,0.12,39.77,-46.07,0,5.12,0,0,0,,
11,2.69,-5.39,-2.92,44.3,-106.63,-27.14,7.53,-3.94,-0.29,12.13,-51.19,0,5.15,0,0,0,,
12,1.58,-5.77,-2.83,43.08,-94.89,-43.69,9.82,-4.47,-0.67,0.69,-48.96,0,5.15,0,0,0,,
13,0.13,-6.71,-3.45,-10.54,-95.3,-132.68,13.51,-4.17,-0.23,-21.98,-21.41,0,5.15,0,0,0,,
14,-0.08,-4.23,-3.94,-16.34,-26.52,-171.76,13.95,-4.28,0.06,-23.61,-14.34,0,5.14,0,0,0,,
15,9.45,-2.6,-5.01,-110.65,92.4,-250.14,12.85,-2.59,0.75,-42.86,6.21,0,5.16,0,0,0,,
16,6.85,0.03,-4.92,-71.28,126.34,-245.91,11.26,-2.53,0.14,-35.83,-3.5,0,5.13,0,0,0,,
17,13.25,1.07,-6.68,-34.8,39.49,-222.44,7.25,-1.95,-0.17,-56.35,3.85,0,5.15,0,0,0,,
18,11.58,1.58,-5.97,-63.89,74.7,-250.14,6.48,-1.46,-0.68,-56.01,5.21,0,5.14,0,0,0,,
19,14.76,1.97,-5.1,31.08,43.85,-111.03,6.19,-1.12,-1.09,-66.06,6.41,0,5.16,0,0,0,,
20,16.06,0.56,-5.43,19.93,80.15,-155.65,6.64,-1.12,-1.19,-68.28,6,0,5.15,0,0,0,,
21,13.42,2.6,-4.75,53.98,50.86,-138.86,8.95,-2.07,-1.55,-66.56,-3.38,0,5.15,0,0,0,,
22,17.63,0.75,-1.95,45.79,14.17,-97.48,11.44,-2.15,-1.61,-68.92,-4.84,0,5.1,0,0,0,,
23,19.62,-0.17,0.51,81.84,74.73,-64.91,14.11,-1.65,-1.06,-64.35,-7.42,0,5.15,0,0,0,,
24,19.62,1.08,1.61,68.32,175.15,-65.49,13.91,-1.39,-0.11,-59.87,-1.41,0,5.13,0,0,0,,
25,17.37,1.87,1.28,46.63,250.13,-46.42,11.21,1.7,0.4,-33.32,-16.89,0,5.15,0,0,0,,
26,7.07,1.68,1.29,39.89,250.13,-116.71,8.9,-0.3,-1.23,-31.39,-7.53,0,5.15,0,0,0,,
27,4.89,2.16,1.93,42.41,207.82,-117.05,9.32,-0.2,-1.57,-25.71,-7.82,0,5.14,0,0,0,,
28,4.83,2.34,2.55,37.71,-6.84,-117.24,9.83,-0.84,-1.83,-25.3,-7.37,0,5.15,0,0,0,,
29,8.04,2.1,4.11,35.81,-86.6,-94.85,10.48,-1.01,-1.26,-30.18,-3.03,0,5.15,0,0,0,,
0,9.06,5.64,5.8,106.57,100.63,-93.24,10.5,-0.74,-0.6,-25.79,-19.88,0,5.15,0,0,0,,
1,6.79,6.02,5.48,38.5,100.56,-127.15,9.87,-0.39,-0.89,-28.17,-22.49,0,5.13,0,0,0,,
2,9.67,6.4,5.29,-21.81,59.6,-111.46,8.69,0.34,-0.97,-34.85,-22.81,0,5.15,0,0,0,,
3,8.78,6.12,4.79,-38.34,31.12,-72.35,8.55,0.59,-1.22,-38.69,-19.31,0,5.16,0,0,0,,
4,6.86,6.42,3.83,-48.85,-70.85,-79.92,9.46,1.11,-1.66,-30.69,-17.89,0,5.15,0,0,0,,
5,8.45,6.28,3.99,-50.47,-90.09,-82.24,9.15,1.06,-1.43,-28.55,-19.53,0,5.14,0,0,0,,
6,8.73,6.24,3.67,-42.73,7.85,-63.01,9.39,1.57,-1.89,-32.17,-18.05,0,5.15,0,0,0,,
7,7.78,6.35,3.49,-47.36,10.06,-69.92,9.57,1.71,-1.28,-38.99,-11.86,0,5.15,0,0,0,,
8,7.8,6.42,2.97,-40.96,-17.15,-53.63,9.9,2.68,-1.82,-31.21,-15.79,0,5.16,0,0,0,,
9,6.83,6.28,2.76,-31.02,-32.13,-46.72,9.77,3.25,-2.24,-24.5,-14.89,0,5.16,0,0,0,,
10,5.5,5.63,2.55,-27.47,-86.35,-33.45,9.5,3.45,-1.08,-8.16,-19.33,0,5.16,0,0,0,,
11,5.31,5.41,2.39,-24.73,-95.75,-40.04,8.98,3.38,-1.73,-3.7,-15.4,0,5.15,0,0,0,,
12,5.36,5.09,2.39,-3.51,-93.61,-55.27,8.92,2.93,-2.06,11.06,-15.83,0,5.15,0,0,0,,
j,a,m,e,s,b,o,n,d,,,,,,,,,,
